Path,Specimen,Antibody,Algorithm,Start,Finish
\\bki04\e$\Clinical_Specimen,M79_1,CD163,CD163_PN_withcyto_07.20.18.ifp,Processing Started on: 05/13/2019 14:32:57,Processing Finished on: 05/13/2019 16:59:48Processing Started on: 05/13/2019 12:12:05,Processing Finished on: 05/13/2019 14:32:57Processing Started on: 05/08/2019 12:53:43,Processing Finished on: 05/08/2019 13:01:54
\\bki04\e$\Clinical_Specimen,M79_1,Tumor,Tumor_outlier.ifp,Processing Started on: 05/08/2019 13:01:54,Processing Finished on: 05/08/2019 15:51:42
\\bki04\e$\Clinical_Specimen,M80_1,FoxP3,FoxP3_DW_withcyto_06.29.18.ifp,Processing Started on: 05/08/2019 15:51:42,Processing Finished on: 05/08/2019 21:18:44
\\bki04\e$\Clinical_Specimen,M85_1,FoxP3,FoxP3_DW_withcyto_06.29.18.ifp,Processing Started on: 05/08/2019 21:18:44,Processing Finished on: 05/09/2019 03:35:47
\\bki04\e$\Clinical_Specimen,M81_1,CD163,CD163_PN_withcyto_07.20.18.ifp,Processing Started on: 05/09/2019 03:35:47,Processing Finished on: 05/09/2019 05:12:50
\\bki04\e$\Clinical_Specimen,M89_1,PDL1,PDL1_JTapproved_09.19.18.ifp,Processing Started on: 05/09/2019 05:12:50,Processing Finished on: 05/09/2019 13:21:54
\\bki04\e$\Clinical_Specimen,M90_1,PDL1,PDL1_JTapproved_09.19.18.ifp,Processing Started on: 05/09/2019 13:21:54,Processing Finished on: 05/09/2019 13:46:54
\\bki04\e$\Clinical_Specimen,M95_1,Tumor,Tumor_outlier.ifp,Processing Started on: 05/09/2019 13:46:54,Processing Finished on: 05/09/2019 21:43:55
\\bki04\e$\Clinical_Specimen,M81_1,Tumor,Tumor_outlier.ifp,Processing Started on: 05/10/2019 12:53:56,Processing Finished on: 05/10/2019 14:35:01
\\bki04\e$\Clinical_Specimen,M102_1,PD1,PD1_SB_withcyto_08.31.2018.ifp,Processing Started on: 05/10/2019 14:35:01,Processing Finished on: 05/10/2019 15:02:05
\\bki04\e$\Clinical_Specimen,M79_1,CD163,CD163_PN_withcyto_07.20.18.ifp,Processing Started on: 05/13/2019 14:32:57,Processing Finished on: 05/13/2019 16:59:48Processing Started on: 05/13/2019 12:12:05,Processing Finished on: 05/13/2019 14:32:57
\\bki04\e$\Clinical_Specimen,M79_1,CD163,CD163_PN_withcyto_07.20.18.ifp,Processing Started on: 05/13/2019 14:32:57,Processing Finished on: 05/13/2019 16:59:48
\\bki04\e$\Clinical_Specimen,M94_1,Tumor,Tumor_withcyto_DW_07.08.18.ifp,Processing Started on: 05/13/2019 16:59:48,Processing Finished on: 05/14/2019 13:32:48
\\bki04\e$\Clinical_Specimen,M95_1,Tumor,Tumor_withcyto_DW_07.08.18.ifp,Processing Started on: 05/14/2019 13:35:07,Processing Finished on: 05/14/2019 21:36:09
\\bki04\e$\Clinical_Specimen,M79_1,PDL1,PDL1_JTapproved_09.19.18.ifp,Processing Started on: 05/14/2019 21:36:09,Processing Finished on: 05/15/2019 00:53:01
\\bki04\e$\Clinical_Specimen,M111_1,CD163,CD163_PN_withcyto_07.20.18.ifp,Processing Started on: 05/15/2019 00:53:01,Processing Finished on: 05/16/2019 03:22:03
\\bki04\e$\Clinical_Specimen,M86_1,FoxP3,FoxP3_DW_withcyto_06.29.18.ifp,Processing Started on: 05/16/2019 03:22:03,Processing Finished on: 05/16/2019 08:41:04
\\bki04\e$\Clinical_Specimen,M94_1,FoxP3,FoxP3_DW_withcyto_06.29.18.ifp,Processing Started on: 05/16/2019 15:39:06,Processing Finished on: 05/17/2019 05:38:00
\\bki04\e$\Clinical_Specimen,M79_1,CD163,CD163_outlier.ifp,Processing Started on: 05/17/2019 05:38:00,Processing Finished on: 05/17/2019 09:10:50
\\bki04\e$\Clinical_Specimen,M107_1,PD1,PD1_SB_withcyto_08.31.2018.ifp,Processing Started on: 05/17/2019 11:13:39,Processing Finished on: 05/17/2019 12:52:39
\\bki04\Clinical_Specimen_2,L15_2,PDL1_2,PDL1_largecells_QC.ifr,Processing Started on: 01/24/2020 17:49:59,Processing Finished on: 01/25/2020 00:55:07
\\bki04\Clinical_Specimen_2,L17_2,PDL1_2,PDL1_largecells_QC.ifr,Processing Started on: 01/25/2020 00:55:07,Processing Finished on: 01/25/2020 08:38:12
\\bki04\Clinical_Specimen_2,L29_1,PDL1_2,PDL1_largecells_QC.ifr,Processing Started on: 01/25/2020 08:38:12,Processing Finished on: 01/25/2020 13:01:17
\\bki04\Clinical_Specimen_2,L51_4,PDL1_2,PDL1_largecells_QC.ifr,Processing Started on: 01/25/2020 13:01:17,Processing Finished on: 01/26/2020 02:30:23
\\bki04\Clinical_Specimen_2,L7_2,PDL1_2,PDL1_largecells_QC.ifr,Processing Started on: 01/27/2020 10:54:28,Processing Finished on: 01/27/2020 19:11:31
\\bki03\Clinical_Specimen_4,PZ7,CD20,CD20_01.13.2020.ifp,Processing Started on: 01/27/2020 21:01:31,Processing Finished on: 01/28/2020 06:38:35
\\bki04\Clinical_Specimen_6,YX10,CD20,CD20_Phenotype_flatw_01.29.2020.ifr,Processing Started on: 01/29/2020 23:14:39,Processing Finished on: 01/31/2020 02:03:45
\\bki04\Clinical_Specimen_6,YX21,CD20,CD20_Phenotype_flatw_01.29.2020.ifr,Processing Started on: 01/31/2020 02:03:45,Processing Finished on: 01/31/2020 11:15:00
\\bki04\Clinical_Specimen_2,L51_3,Tumor,Tumor_01.23.2019.ifr,Processing Started on: 01/31/2020 17:21:39,Processing Finished on: 02/01/2020 04:28:46
\\bki03\Clinical_Specimen_BMS_01,A006BK344_BMS_223_5_20,PD1,PD1_Phenotype_01.21.2020.ifp,Processing Started on: 02/05/2020 20:28:48,Processing Finished on: 02/05/2020 21:27:49
\\bki03\Clinical_Specimen_BMS_01,ML1603492_BMS059_5_23,PD1,PD1_Phenotype_01.21.2020.ifp,Processing Started on: 02/05/2020 21:27:49,Processing Finished on: 02/05/2020 21:56:57
\\bki03\Clinical_Specimen_BMS_01,ML1610762_BMS039_5_23,PD1,PD1_Phenotype_01.21.2020.ifp,Processing Started on: 02/05/2020 21:56:57,Processing Finished on: 02/05/2020 22:10:03
\\bki03\Clinical_Specimen_BMS_01,ML1610774_BMS025_5_24,PD1,PD1_Phenotype_01.21.2020.ifp,Processing Started on: 02/05/2020 22:10:03,Processing Finished on: 02/05/2020 22:47:10
\\bki03\Clinical_Specimen_BMS_01,ML1610780_BMS019_5_22,PD1,PD1_Phenotype_01.21.2020.ifp,Processing Started on: 02/05/2020 22:47:10,Processing Finished on: 02/05/2020 23:34:14
\\bki03\Clinical_Specimen_BMS_01,ML1610788_BMS004_5_21,PD1,PD1_Phenotype_01.21.2020.ifp,Processing Started on: 02/05/2020 23:34:14,Processing Finished on: 02/06/2020 00:09:09
\\bki03\Clinical_Specimen_BMS_01,ML1610792_BMS026_5_24,PD1,PD1_Phenotype_01.21.2020.ifp,Processing Started on: 02/06/2020 00:09:09,Processing Finished on: 02/06/2020 13:16:08
\\bki03\Clinical_Specimen_BMS_01,ML1610795_BMS_017_5_20,PD1,PD1_Phenotype_01.21.2020.ifp,Processing Started on: 02/06/2020 13:16:08,Processing Finished on: 02/06/2020 13:51:09
\\bki03\Clinical_Specimen_BMS_01,ML1610917_BMS164_5_28,PD1,PD1_Phenotype_01.21.2020.ifp,Processing Started on: 02/06/2020 13:51:09,Processing Finished on: 02/06/2020 15:12:10
\\bki03\Clinical_Specimen_BMS_01,ML1610931_BMS_155_5_20,PD1,PD1_Phenotype_01.21.2020.ifp,Processing Started on: 02/06/2020 15:12:10,Processing Finished on: 02/06/2020 18:25:15
\\bki04\Segmentation\TMAs,Liver_TMA_145_23_01.30.2020,CD163,CD163_Phenotype.ifp,Processing Started on: 02/06/2020 18:25:15,Processing Finished on: 02/06/2020 20:24:19
\\bki04\Segmentation\TMAs,Liver_TMA_145_23_01.30.2020,PDL1,PDL1_Phenotype.ifr,Processing Started on: 02/06/2020 20:24:19,Processing Finished on: 02/06/2020 21:59:21
\\bki04\Segmentation\TMAs,Melanoma_TMA_1215_55_01.30.2020,CD8,CD8_Phenotype.ifp,Processing Started on: 02/06/2020 21:59:21,Processing Finished on: 02/06/2020 23:42:24
\\bki04\Segmentation\TMAs,Melanoma_TMA_1270_40_01.30.2020,FoxP3,FoxP3_Phenotype.ifp,Processing Started on: 02/06/2020 23:42:24,Processing Finished on: 02/07/2020 00:51:25
\\bki04\Segmentation\TMAs,Liver_TMA_145_23_01.30.2020,PanMembrane,CD163_Phenotype.ifp,Processing Started on: 02/07/2020 00:51:25,Processing Finished on: 02/07/2020 02:16:26
\\bki04\Segmentation\TMAs,Melanoma_TMA_1215_55_01.30.2020,DontPhenotype,CD163_Phenotype.ifp,Processing Started on: 02/07/2020 02:16:26,Processing Finished on: 02/07/2020 03:59:27
\\bki04\Segmentation\TMAs,Melanoma_TMA_1287_40_01.30.2020,PD1,PD1_Phenotype.ifp,Processing Started on: 02/07/2020 15:56:25,Processing Finished on: 02/07/2020 18:51:27
\\bki03\Clinical_Specimen_BMS_01,ML1610956_BMS_202_5_20,PD1,PD1_Phenotype_01.21.2020.ifp,Processing Started on: 02/07/2020 18:51:27,Processing Finished on: 02/07/2020 19:34:30
\\bki04\Clinical_Specimen_2,L4_2,CD8,CD8_12.05.2018.ifr,Processing Started on: 02/07/2020 20:14:30,Processing Finished on: 02/08/2020 03:45:30
\\bki04\Segmentation\TMAs,Liver_TMA_145_23_01.30.2020,FoxP3,FoxP3_Phenotype.ifp,Processing Started on: 02/10/2020 19:15:31,Processing Finished on: 02/10/2020 21:12:34
\\bki04\Segmentation\TMAs,Melanoma_TMA_1287_40_01.30.2020,PDL1,PDL1_Phenotype.ifr,Processing Started on: 02/10/2020 21:12:34,Processing Finished on: 02/10/2020 23:49:37
\\bki03\Clinical_Specimen_BMS_01,A006BK344_BMS_223_5_20,FoxP3,FoxP3_Phenotype_02.03.2020.ifr,Processing Started on: 02/12/2020 16:59:38,Processing Finished on: 02/12/2020 17:44:38
\\bki03\Clinical_Specimen_BMS_01,ML1603640_BMS179_5_21,FoxP3,FoxP3_Phenotype_02.03.2020.ifr,Processing Started on: 02/12/2020 17:44:38,Processing Finished on: 02/12/2020 18:11:30
\\bki04\Segmentation\TMAs,Melanoma_TMA_1287_40_01.30.2020,Tumor,Tumor_Phenotype.ifr,Processing Started on: 02/13/2020 16:02:53,Processing Finished on: 02/13/2020 18:59:54
\\bki04\Clinical_Specimen_2,L11_5,CD8,CD8_12.05.2018_highTH_L11_5.ifr,Processing Started on: 02/18/2020 14:49:56,Processing Finished on: 02/19/2020 05:29:42
\\bki04\Clinical_Specimen_2,L8_2,FoxP3,FoxP3_02.14.2020_lowTH_2.ifr,Processing Started on: 02/19/2020 05:29:42,Processing Finished on: 02/19/2020 19:32:45
\\bki03\Clinical_Specimen_BMS_01,A006BK344_BMS_223_5_20,CD8,CD8_Phenotype_02.17.2020.ifp,Processing Started on: 02/19/2020 19:32:45,Processing Finished on: 02/19/2020 20:31:47
\\bki03\Clinical_Specimen_BMS_01,ML1610744_BMS082_5_23,CD8,CD8_Phenotype_02.17.2020.ifp,Processing Started on: 02/19/2020 20:31:47,Processing Finished on: 02/19/2020 20:52:48
\\bki03\Clinical_Specimen_BMS_01,ML1610753_BMS083_5_24,CD8,CD8_Phenotype_02.17.2020.ifp,Processing Started on: 02/19/2020 20:52:48,Processing Finished on: 02/19/2020 21:47:49
\\bki03\Clinical_Specimen_BMS_01,ML1610758_BMS085_5_25,FoxP3,FoxP3_Phenotype_02.03.2020.ifr,Processing Started on: 02/19/2020 21:47:50,Processing Finished on: 02/19/2020 21:58:50
\\bki03\Clinical_Specimen_BMS_01,ML1610762_BMS039_5_23,CD8,CD8_Phenotype_02.17.2020.ifp,Processing Started on: 02/19/2020 21:58:50,Processing Finished on: 02/19/2020 22:09:50
\\bki03\Clinical_Specimen_BMS_01,ML1610764_BMS_033_5_20,CD8,CD8_Phenotype_02.17.2020.ifp,Processing Started on: 02/19/2020 22:09:50,Processing Finished on: 02/20/2020 04:46:51
\\bki03\Clinical_Specimen_BMS_01,ML1610764_BMS_033_5_20,FoxP3,FoxP3_Phenotype_02.03.2020.ifr,Processing Started on: 02/20/2020 04:46:51,Processing Finished on: 02/20/2020 11:01:55
\\bki03\Clinical_Specimen_BMS_01,ML1610795_BMS_017_5_20,FoxP3,FoxP3_Phenotype_02.03.2020.ifr,Processing Started on: 02/20/2020 11:01:55,Processing Finished on: 02/20/2020 11:40:58
\\bki04\Clinical_Specimen_2,L11_5,CD8,CD8_12.05.2018_highTH_L11_5.ifr,Processing Started on: 02/20/2020 14:10:58,Processing Finished on: 02/21/2020 03:12:03
\\bki03\Clinical_Specimen_8,YZ50,CD20,CITN09_CD20_12.31.2019.ifr,Processing Started on: 02/21/2020 03:12:03,Processing Finished on: 02/21/2020 08:55:03
\\bki03\Clinical_Specimen_8,YZ55,CD20,CITN09_CD20_12.31.2019.ifr,Processing Started on: 02/21/2020 08:55:03,Processing Finished on: 02/21/2020 09:36:02
\\bki03\Clinical_Specimen_8,YZ56,CD20,CITN09_CD20_12.31.2019.ifr,Processing Started on: 02/21/2020 09:36:02,Processing Finished on: 02/22/2020 00:09:06
\\bki03\Clinical_Specimen_8,YZ56,CD8,CITN09_CD8_12.31.2019.ifr,Processing Started on: 02/22/2020 00:09:06,Processing Finished on: 02/22/2020 12:36:08
\\bki03\Clinical_Specimen_8,YZ58,PD1,CITN09_PD1_12.31.2019.ifr,Processing Started on: 02/22/2020 12:36:08,Processing Finished on: 02/22/2020 16:11:07
\\bki03\Clinical_Specimen_8,YZ60,PD1,CITN09_PD1_12.31.2019.ifr,Processing Started on: 02/22/2020 16:11:07,Processing Finished on: 02/23/2020 04:50:08
\\bki03\Clinical_Specimen_8,YZ61,CD4,CITN09_CD4_12.31.2019.ifr,Processing Started on: 02/23/2020 04:50:08,Processing Finished on: 02/23/2020 07:17:08
\\bki03\Clinical_Specimen_8,YZ63,CD20,CITN09_CD20_12.31.2019.ifr,Processing Started on: 02/23/2020 07:17:08,Processing Finished on: 02/24/2020 01:22:10
\\bki03\Clinical_Specimen_8,YZ63,CD8,CITN09_CD8_12.31.2019.ifr,Processing Started on: 02/24/2020 01:22:10,Processing Finished on: 02/24/2020 20:13:15
\\bki03\Clinical_Specimen_8,YZ69,CD8,CITN09_CD8_12.31.2019.ifr,Processing Started on: 02/24/2020 20:13:15,Processing Finished on: 02/24/2020 20:56:15
\\bki04\Clinical_Specimen_2,L53_2,Tumor,Tumor_01.23.2019.ifr,Processing Started on: 02/24/2020 20:56:15,Processing Finished on: 02/25/2020 07:33:08
\\bki04\Clinical_Specimen_2,L3_2,FoxP3,FoxP3_02.14.2020_lowTH_2.ifr,Processing Started on: 02/25/2020 07:33:08,Processing Finished on: 02/25/2020 23:42:12
\\bki03\Clinical_Specimen_8,YZ50,CD20,CD20_Algorithm_02.25.2020.ifp,Processing Started on: 02/26/2020 18:58:32,Processing Finished on: 02/27/2020 04:13:37
\\bki03\Clinical_Specimen_8,YZ68,CD20,CD20_Algorithm_02.25.2020.ifp,Processing Started on: 02/27/2020 04:13:37,Processing Finished on: 02/27/2020 04:15:17
\\bki04\Clinical_Specimen_2,L41_1,PDL1,PDL1_smallcells_TRC.ifp,Processing Started on: 02/28/2020 17:06:22,Processing Finished on: 02/28/2020 17:49:34
\\bki04\Clinical_Specimen_6,YX10,CD4,CD4_Phenotype_flatw_01.02.2019.ifr,Processing Started on: 02/29/2020 05:22:24,Processing Finished on: 02/29/2020 23:17:29
\\bki04\Clinical_Specimen_6,YX21,CD4,CD4_Phenotype_flatw_01.02.2019.ifr,Processing Started on: 02/29/2020 23:17:29,Processing Finished on: 03/01/2020 06:20:31
\\bki03\Clinical_Specimen_8,YZ51,Tumor,Tumor_Algorithm_02.25.2020.ifp,Processing Started on: 03/02/2020 17:40:31,Processing Finished on: 03/02/2020 17:41:44
\\bki03\Clinical_Specimen_8,YZ61,Tumor,Tumor_Algorithm_02.25.2020.ifp,Processing Started on: 03/02/2020 17:51:44,Processing Finished on: 03/02/2020 21:08:49
\\bki03\Clinical_Specimen_8,YZ73,CD8,CITN09_CD8_12.31.2019.ifr,Processing Started on: 03/02/2020 21:08:49,Processing Finished on: 03/04/2020 10:53:51
\\bki04\Clinical_Specimen_2,L11_5,FoxP3,FoxP3_02.14.2020_lowTH_2.ifr,Processing Started on: 03/05/2020 19:37:12,Processing Finished on: 03/06/2020 09:48:14
\\bki03\Clinical_Specimen_8,YZ51,CD20,CD20_Algorithm_02.25.2020.ifp,Processing Started on: 03/06/2020 09:48:14,Processing Finished on: 03/06/2020 09:49:25
\\bki04\Clinical_Specimen_2,L10_1,PDL1,PDL1_4Sm_TRC.ifr,Processing Started on: 03/06/2020 15:59:26,Processing Finished on: 03/06/2020 16:14:27
\\bki04\Clinical_Specimen_2,L19_2,PDL1,PDL1_4Sm_TRC.ifr,Processing Started on: 03/06/2020 16:14:27,Processing Finished on: 03/06/2020 16:25:29
\\bki04\Clinical_Specimen_2,L3_1,PDL1,PDL1_4Sm_TRC.ifr,Processing Started on: 03/06/2020 16:25:29,Processing Finished on: 03/06/2020 20:08:31
\\bki04\Clinical_Specimen_2,L51_2,PDL1,PDL1_4Sm_TRC.ifr,Processing Started on: 03/06/2020 20:08:31,Processing Finished on: 03/07/2020 08:27:32
\\bki04\Clinical_Specimen_2,L12_1,FoxP3,FoxP3_03.10.2020_lowTH_3.ifr,Processing Started on: 03/11/2020 01:44:01,Processing Finished on: 03/11/2020 19:03:04
\\bki04\Clinical_Specimen_2,L11_1,PDL1_2,PDL1_3L_TRC.ifr,Processing Started on: 03/12/2020 14:33:04,Processing Finished on: 03/12/2020 14:54:07
\\bki04\Clinical_Specimen_2,L2_2,PDL1_2,PDL1_3L_TRC.ifr,Processing Started on: 03/12/2020 14:54:07,Processing Finished on: 03/12/2020 15:27:10
\\bki04\Clinical_Specimen_2,L52_2,PDL1_2,PDL1_3L_TRC.ifr,Processing Started on: 03/12/2020 15:27:10,Processing Finished on: 03/12/2020 17:12:04
\\bki04\Clinical_Specimen_2,L54_1,PDL1_2,PDL1_3L_TRC.ifr,Processing Started on: 03/12/2020 17:12:04,Processing Finished on: 03/13/2020 06:57:02
\\bki04\Clinical_Specimen_2,L9_1,PDL1_2,PDL1_3L_TRC.ifr,Processing Started on: 03/13/2020 06:57:02,Processing Finished on: 03/13/2020 07:22:03
\\bki03\Clinical_Specimen_11,M123,Tumor,Tumor_withcyto_DW_07.08.18.ifp,Processing Started on: 03/13/2020 07:22:03,Processing Finished on: 03/13/2020 10:17:06
\\bki03\Clinical_Specimen_11,M126,FoxP3,FoxP3_DW_withcyto_06.29.18.ifp,Processing Started on: 03/13/2020 10:17:06,Processing Finished on: 03/13/2020 10:28:06
\\bki03\Clinical_Specimen_11,M144,CD163,CD163_PN_withcyto_07.20.18.ifp,Processing Started on: 03/13/2020 10:28:06,Processing Finished on: 03/13/2020 10:59:07
\\bki03\Clinical_Specimen_11,M144,PD1,PD1_SB_withcyto_08.31.2018.ifp,Processing Started on: 03/13/2020 10:59:07,Processing Finished on: 03/13/2020 11:30:07
\\bki03\Clinical_Specimen_11,M144,Tumor,Tumor_withcyto_DW_07.08.18.ifp,Processing Started on: 03/13/2020 11:30:07,Processing Finished on: 03/13/2020 11:57:10
\\bki03\Clinical_Specimen_11,M145,PD1,PD1_SB_withcyto_08.31.2018.ifp,Processing Started on: 03/13/2020 11:57:10,Processing Finished on: 03/13/2020 13:56:10
\\bki03\Clinical_Specimen_11,M147,FoxP3,FoxP3_DW_withcyto_06.29.18.ifp,Processing Started on: 03/13/2020 13:56:10,Processing Finished on: 03/13/2020 14:37:10
\\bki03\Clinical_Specimen_11,M151,CD163,CD163_PN_withcyto_07.20.18.ifp,Processing Started on: 03/13/2020 14:37:10,Processing Finished on: 03/13/2020 20:04:12
\\bki03\Clinical_Specimen_11,M153,PD1,PD1_SB_withcyto_08.31.2018.ifp,Processing Started on: 03/13/2020 20:04:12,Processing Finished on: 03/14/2020 11:43:15
\\bki03\Clinical_Specimen_11,M119,PDL1,PDL1_JTapproved_09.19.18.ifp,Processing Started on: 03/14/2020 11:43:15,Processing Finished on: 03/14/2020 16:50:17
\\bki03\Clinical_Specimen_11,M115,FoxP3,FoxP3_DW_withcyto_06.29.18.ifp,Processing Started on: 03/14/2020 16:50:17,Processing Finished on: 03/15/2020 05:35:18
\\bki03\Clinical_Specimen_11,M143,FoxP3,FoxP3_DW_withcyto_06.29.18.ifp,Processing Started on: 03/15/2020 05:35:18,Processing Finished on: 03/15/2020 05:36:47
\\bki03\Clinical_Specimen_9,XU10,FoxP3,Phenotype_FoxP3_2.21.20.ifp,Processing Started on: 03/17/2020 13:56:29,Processing Finished on: 03/17/2020 23:11:30
\\bki03\Clinical_Specimen_9,XU10,PD1,Phenotype_PD1_2.22.20.ifp,Processing Started on: 03/17/2020 23:11:30,Processing Finished on: 03/18/2020 07:06:35
\\bki03\Clinical_Specimen_8,YZ68,PD1,CITN09_PD1_12.31.2019.ifr,Processing Started on: 03/18/2020 07:06:35,Processing Finished on: 03/19/2020 15:15:43
\\bki04\Clinical_Specimen_2,L13_4,CD163,CD163_v2_OVER.ifr,Processing Started on: 03/19/2020 15:15:43,Processing Finished on: 03/19/2020 15:17:12
\\bki04\Clinical_Specimen_2,L52_3,PDL1,Processing Started on: 03/22/2020 12:07:14,Processing Finished on: 03/22/2020 12:08:42
\\bki03\Clinical_Specimen_11,M121,PDL1,PDL1_JTapproved_09.19.18.ifp,Processing Started on: 03/25/2020 23:15:54,Processing Finished on: 03/25/2020 23:32:59
\\bki03\Clinical_Specimen_11,M122,CD163,CD163_PN_withcyto_07.20.18.ifp,Processing Started on: 03/25/2020 23:32:59,Processing Finished on: 03/25/2020 23:34:15
\\bki03\Clinical_Specimen_11,M122,CD8,CD8_withcyto_SB_07.02.18.ifp,Processing Started on: 03/25/2020 23:44:15,Processing Finished on: 03/26/2020 18:43:18
\\bki03\Clinical_Specimen_11,M122,FoxP3,FoxP3_DW_withcyto_06.29.18.ifp,Processing Started on: 03/26/2020 18:43:18,Processing Finished on: 03/26/2020 18:44:48
\\bki04\Clinical_Specimen_2,L12_1,FoxP3,FoxP3_03.10.2020_lowTH_4.ifp,Processing Started on: 03/26/2020 21:14:48,Processing Finished on: 03/27/2020 14:19:51
\\bki04\Clinical_Specimen_2,L5_2,FoxP3,FoxP3_03.10.2020_lowTH_4.ifp,Processing Started on: 03/27/2020 14:19:51,Processing Finished on: 03/28/2020 00:16:52
\\bki03\Clinical_Specimen_10,LY51,ERG,ERG_03.09.2020.ifr,,Processing Started on: 03/28/2020 00:16:52,Processing Finished on: 03/28/2020 07:09:43
\\bki03\Clinical_Specimen_10,LY13,CD3,CD3_SU_v3_algorithm.ifp,,Processing Started on: 03/31/2020 18:49:45,Processing Finished on: 03/31/2020 18:51:14
\\bki03\Clinical_Specimen_10,LY14,CD79a,CD79a_SU_v4.ifr,,Processing Started on: 03/31/2020 18:51:14,Processing Finished on: 03/31/2020 19:44:13
\\bki03\Clinical_Specimen_10,LY3,CD3,CD3_SU_v3_algorithm.ifp,,Processing Started on: 03/31/2020 19:44:13,Processing Finished on: 03/31/2020 19:45:25
\\bki03\Clinical_Specimen_10,LY35,CD79a,CD79a_SU_v4.ifr,,Processing Started on: 03/31/2020 19:55:25,Processing Finished on: 03/31/2020 19:56:35
\\bki03\Clinical_Specimen_10,LY37,CD3,CD3_SU_v3_algorithm.ifp,,Processing Started on: 03/31/2020 20:06:35,Processing Finished on: 04/01/2020 05:27:36
\\bki03\Clinical_Specimen_10,LY37,CD79a,CD79a_SU_v4.ifr,,Processing Started on: 04/01/2020 05:27:36,Processing Finished on: 04/01/2020 05:29:06
\\bki03\Clinical_Specimen_10,LY38,CD79a,CD79a_SU_v4.ifr,,Processing Started on: 04/01/2020 05:29:06,Processing Finished on: 04/01/2020 15:04:08
\\bki03\Clinical_Specimen_10,LY5,CD3,CD3_SU_v3_algorithm.ifp,,Processing Started on: 04/01/2020 15:04:08,Processing Finished on: 04/01/2020 15:05:38
\\bki03\Clinical_Specimen_10,LY54,CD3,CD3_SU_v3_algorithm.ifp,,Processing Started on: 04/01/2020 15:48:13,Processing Finished on: 04/02/2020 07:57:38
\\bki03\Clinical_Specimen_10,LY54,CD79a,CD79a_SU_v4.ifr,,Processing Started on: 04/02/2020 07:57:38,Processing Finished on: 04/03/2020 01:17:03
\\bki04\Clinical_Specimen_2,L51_3,CD163,CD163_v4.ifr,Processing Started on: 04/03/2020 01:17:03,Processing Finished on: 04/03/2020 16:42:27
\\bki03\Clinical_Specimen_9,XU1,CD20,Phenotype_CD20_4.4.20.ifp,Processing Started on: 04/08/2020 13:50:54,Processing Finished on: 04/08/2020 19:14:16
\\bki03\Clinical_Specimen_9,XU12,PDL1,Phenotype_PDL1_4.4.20.ifp,Processing Started on: 04/08/2020 19:14:16,Processing Finished on: 04/08/2020 22:41:39
\\bki03\Clinical_Specimen_BMS_03,TS18_0541_BMS_MITRE,CD8,CD8_Phenotype_04.07.2020.ifp,ProcessingStartedon:04/10/202020:19:17,Processing Started on: 04/10/2020 20:44:24,Processing Finished on: 04/10/2020 22:55:47
\\bki03\Clinical_Specimen_11,M115,CD8,CD8_SB_04102020.ifp,Processing Started on: 04/10/2020 23:15:47,Processing Finished on: 04/11/2020 19:27:11
\\bki03\Clinical_Specimen_BMS_01,A006BK344_BMS_223_5_20,CD68,CD68_Phenotype_04.10.2020.ifp,,Processing Started on: 04/11/2020 19:27:11,Processing Finished on: 04/11/2020 20:14:32
\\bki03\Clinical_Specimen_BMS_01,ML1610730_BMS038_5_22,Tumor,Tumor_Phenotype_03.19.2020.ifp,,Processing Started on: 04/11/2020 20:14:32,Processing Finished on: 04/12/2020 07:59:56
\\bki03\Clinical_Specimen_BMS_01,ML1610731_BMS041_5_23,CD68,CD68_Phenotype_04.10.2020.ifp,,Processing Started on: 04/12/2020 07:59:56,Processing Finished on: 04/12/2020 18:59:19
\\bki03\Clinical_Specimen_BMS_01,ML1610780_BMS019_5_22,PDL1,PDL1_Macrophage_Phenotype.ifr,,Processing Started on: 04/12/2020 18:59:19,Processing Finished on: 04/12/2020 19:30:41
\\bki03\Clinical_Specimen_8,YZ66,FoxP3,CITN09_Foxp3_12.27.2019.ifr,Processing Started on: 04/12/2020 19:30:41,Processing Finished on: 04/13/2020 18:32:07
\\bki03\Clinical_Specimen_8,YZ67,CD20,CD20_Algorithm_02.25.2020.ifp,Processing Started on: 04/13/2020 18:32:07,Processing Finished on: 04/15/2020 02:17:34
\\bki03\Clinical_Specimen_BMS_01,A006BK344_BMS_223_5_20,PDL1_2,PDL1_Tumor_Phenotype_02.10.2020.ifr,,Processing Started on: 04/15/2020 02:17:34,Processing Finished on: 04/15/2020 02:54:55
\\bki03\Clinical_Specimen_10,LY13,Tumor,tumor_training_TRC_v4.ifr,,Processing Started on: 04/15/2020 02:54:55,Processing Finished on: 04/15/2020 04:54:16
\\bki03\Clinical_Specimen_10,LY1,CD163,CD163_03.09.2020_training_v2.ifr,,Processing Started on: 04/15/2020 04:54:16,Processing Finished on: 04/15/2020 19:11:39
\\bki03\Clinical_Specimen_10,LY11,PD1,PD1_03.09.2020_training_v2.ifr,,Processing Started on: 04/15/2020 19:11:39,Processing Finished on: 04/15/2020 19:11:39
\\bki03\Clinical_Specimen_BMS_01,ML1610727_BMS029_5_28,PD1,PD1_Phenotype_01.21.2020.ifp,,Processing Started on: 04/15/2020 19:21:39,Processing Finished on: 04/16/2020 05:01:03
\\bki03\Clinical_Specimen_BMS_01,ML1610728_BMS032_5_21,CD8,CD8_Phenotype_02.17.2020.ifp,,Processing Started on: 04/16/2020 05:01:03,Processing Finished on: 04/16/2020 05:26:26
\\bki03\Clinical_Specimen_BMS_01,ML1610734_BMS047_5_28,FoxP3,FoxP3_Phenotype_02.03.2020.ifr,,Processing Started on: 04/16/2020 05:26:26,Processing Finished on: 04/16/2020 06:37:47
\\bki03\Clinical_Specimen_BMS_01,ML1610734_BMS047_5_28,PD1,PD1_Phenotype_01.21.2020.ifp,,Processing Started on: 04/16/2020 06:37:47,Processing Finished on: 04/16/2020 07:47:07
\\bki03\Clinical_Specimen_BMS_01,ML1610743_BMS_031_5_20,CD8,CD8_Phenotype_02.17.2020.ifp,,Processing Started on: 04/16/2020 07:47:07,Processing Finished on: 04/16/2020 07:56:29
\\bki03\Clinical_Specimen_BMS_01,ML1610743_BMS_031_5_20,PD1,PD1_Phenotype_01.21.2020.ifp,,Processing Started on: 04/16/2020 08:06:29,Processing Finished on: 04/16/2020 08:15:50
\\bki03\Clinical_Specimen_BMS_01,ML1610744_BMS082_5_23,CD8,CD8_Phenotype_02.17.2020.ifp,,Processing Started on: 04/16/2020 08:15:50,Processing Finished on: 04/16/2020 08:35:12
\\bki03\Clinical_Specimen_BMS_01,ML1610744_BMS082_5_23,PD1,PD1_Phenotype_01.21.2020.ifp,,Processing Started on: 04/16/2020 08:35:12,Processing Finished on: 04/16/2020 08:52:33
\\bki03\Clinical_Specimen_BMS_01,ML1610747_BMS092_5_24,PD1,PD1_Phenotype_01.21.2020.ifp,,Processing Started on: 04/16/2020 08:52:33,Processing Finished on: 04/16/2020 10:27:53
\\bki03\Clinical_Specimen_BMS_01,ML1610748_BMS090_5_21,CD8,CD8_Phenotype_02.17.2020.ifp,,Processing Started on: 04/16/2020 10:27:53,Processing Finished on: 04/16/2020 10:53:15
\\bki03\Clinical_Specimen_BMS_01,ML1610758_BMS085_5_25,CD8,CD8_Phenotype_02.17.2020.ifp,,Processing Started on: 04/16/2020 10:53:15,Processing Finished on: 04/16/2020 11:08:37
\\bki03\Clinical_Specimen_BMS_01,ML1610758_BMS085_5_25,FoxP3,FoxP3_Phenotype_02.03.2020.ifr,,Processing Started on: 04/16/2020 11:08:37,Processing Finished on: 04/16/2020 11:21:58
\\bki03\Clinical_Specimen_BMS_01,ML1610759_BMS087_5_23,CD8,CD8_Phenotype_02.17.2020.ifp,,Processing Started on: 04/16/2020 11:21:58,Processing Finished on: 04/17/2020 01:33:22
\\bki03\Clinical_Specimen_BMS_01,ML1610759_BMS087_5_23,PD1,PD1_Phenotype_01.21.2020.ifp,,Processing Started on: 04/17/2020 01:33:22,Processing Finished on: 04/17/2020 14:44:52
\\bki04\Clinical_Specimen_5,YY12,PD1,PD1_Phenotype_3.30.20.ifr,,Processing Started on: 04/17/2020 17:16:17,Processing Finished on: 04/18/2020 10:23:42
\\bki04\Clinical_Specimen_5,YY16,PD1,PD1_Phenotype_3.30.20.ifr,,Processing Started on: 04/18/2020 10:23:42,Processing Finished on: 04/19/2020 07:02:58
\\bki04\Clinical_Specimen_6,YX11,Tumor,Tumor_Phenotype_flatw_02.24.2020.ifr,,Processing Started on: 04/19/2020 07:02:58,Processing Finished on: 04/19/2020 07:14:21
\\bki04\Clinical_Specimen_6,YX34,CD4,CD4_Phenotype_flatw_01.02.2019.ifr,,Processing Started on: 04/19/2020 07:14:21,Processing Finished on: 04/19/2020 07:27:42
\\bki04\Clinical_Specimen_6,YX35,Tumor,Tumor_Phenotype_flatw_02.24.2020.ifr,,Processing Started on: 04/19/2020 07:27:42,Processing Finished on: 04/19/2020 08:21:03
\\bki04\Clinical_Specimen_6,YX5,CD4,CD4_Phenotype_flatw_01.02.2019.ifr,,Processing Started on: 04/19/2020 08:21:03,Processing Finished on: 04/19/2020 09:20:23
\\bki04\Clinical_Specimen_6,YX5,Tumor,Tumor_Phenotype_flatw_02.24.2020.ifr,,Processing Started on: 04/19/2020 09:20:23,Processing Finished on: 04/19/2020 10:19:45
\\bki04\Clinical_Specimen_6,YX6,Tumor,Tumor_Phenotype_flatw_02.24.2020.ifr,,Processing Started on: 04/19/2020 10:19:45,Processing Finished on: 04/19/2020 11:31:05
\\bki04\Clinical_Specimen_6,YX7,CD20,CD20_Phenotype_flatw_01.29.2020.ifr,,Processing Started on: 04/19/2020 11:31:05,Processing Finished on: 04/19/2020 12:00:28
\\bki04\Clinical_Specimen_6,YX7,Tumor,Tumor_Phenotype_flatw_02.24.2020.ifr,,Processing Started on: 04/19/2020 12:00:28,Processing Finished on: 04/19/2020 12:27:49
\\bki04\Clinical_Specimen_6,YX9,CD20,CD20_Phenotype_flatw_01.29.2020.ifr,,Processing Started on: 04/19/2020 12:27:49,Processing Finished on: 04/19/2020 13:23:09
\\bki04\Clinical_Specimen_6,YX9,CD4,CD4_Phenotype_flatw_01.02.2019.ifr,,Processing Started on: 04/19/2020 13:23:09,Processing Finished on: 04/19/2020 14:10:30
\\bki04\Clinical_Specimen_6,YX9,Tumor,Tumor_Phenotype_flatw_02.24.2020.ifr,,Processing Started on: 04/19/2020 14:10:30,Processing Finished on: 04/19/2020 15:01:51
\\bki04\Clinical_Specimen_2,L50_1,CD8,CD8_L50_1.ifr,,Processing Started on: 04/19/2020 15:01:51,Processing Finished on: 04/20/2020 08:25:06
\\bki03\Clinical_Specimen_9,XU1,CD20,Phenotype_CD20_4.14.20.ifp,,Processing Started on: 04/20/2020 08:25:06,Processing Finished on: 04/20/2020 12:54:31
\\bki03\Clinical_Specimen_10,LY53,PD1,PD1_03.09.2020_training_v2.ifr,,Processing Started on: 04/20/2020 12:54:31,Processing Finished on: 04/20/2020 12:54:31
\\bki03\Clinical_Specimen_10,LY6,CD163,CD163_03.09.2020_training_v2.ifr,,Processing Started on: 04/20/2020 13:04:31,Processing Finished on: 04/21/2020 01:23:54
\\bki03\Clinical_Specimen_10,LY6,PD1,PD1_03.09.2020_training_v2.ifr,,Processing Started on: 04/21/2020 01:23:54,Processing Finished on: 04/21/2020 01:23:54
\\bki03\Clinical_Specimen_11,M122,FoxP3,FoxP3_SB_04102020.ifp,,Processing Started on: 04/21/2020 01:33:54,Processing Finished on: 04/21/2020 19:15:19
\\bki03\Clinical_Specimen_11,M123,CD8,CD8_SB_04102020.ifp,,Processing Started on: 04/21/2020 19:15:19,Processing Finished on: 04/21/2020 22:52:42
\\bki03\Clinical_Specimen_11,M125,PD1,PD1_SB_04152020.ifp,Processing Started on: 04/21/2020 22:52:42,Processing Finished on: 04/22/2020 07:15:36
\\bki03\Clinical_Specimen_11,M149,PD1,PD1_SB_04152020.ifp,Processing Started on: 04/22/2020 07:15:36,Processing Finished on: 04/22/2020 14:10:58
\\bki03\Clinical_Specimen_10,LY16,PD1,PD1_03.16.2020_training_v3.ifr,Processing Started on: 05/07/2020 09:59:01,Processing Finished on: 05/07/2020 17:46:26
\\bki03\Clinical_Specimen_10,LY56,PD1,PD1_03.16.2020_training_v3.ifr,Processing Started on: 05/07/2020 17:46:26,Processing Finished on: 05/08/2020 02:19:50
\\bki03\Clinical_Specimen_BMS_03,TS19_0173_A_1_3_BMS_MITRE,FoxP3,FoxP3_Phenotype_04.06.2020.ifp,Processing Started on: 05/08/2020 02:19:50,Processing Finished on: 05/08/2020 04:29:11
\\bki03\Clinical_Specimen_BMS_03,TS19_0177_B_1_3_BMS_MITRE,FoxP3,FoxP3_Phenotype_04.06.2020.ifp,,Processing Started on: 05/08/2020 04:29:11,Processing Finished on: 05/08/2020 10:10:32
\\bki03\Clinical_Specimen_BMS_03,TS19_0177_B_1_3_BMS_MITRE,PDL1_2,CD68_Phenotype_01.10.2020.ifp,,Processing Started on: 05/08/2020 10:10:32,Processing Finished on: 05/08/2020 15:13:54
\\bki03\Clinical_Specimen_BMS_03,TS19_0180_A_1_3_BMS_MITRE,PD1,PD1_Phenotype_01.24.2020.ifr,,Processing Started on: 05/08/2020 15:13:54,Processing Finished on: 05/08/2020 19:33:16
\\bki03\Clinical_Specimen_BMS_03,TS19_0183_A_2_3_BMS_MITRE,PDL1,PDL1_Tumor_Phenotype_01.10.2020.ifp,,Processing Started on: 05/08/2020 19:33:16,Processing Finished on: 05/08/2020 20:44:37
\\bki03\Clinical_Specimen_9,XU10,CD4,Phenotype_CD4_5.7.20.ifp,,Processing Started on: 05/08/2020 20:44:37,Processing Finished on: 05/09/2020 03:58:00
\\bki03\Clinical_Specimen_9,XU13,CD4,Phenotype_CD4_5.7.20.ifp,,Processing Started on: 05/09/2020 03:58:00,Processing Finished on: 05/09/2020 08:47:24
\\bki03\Clinical_Specimen_9,XU21,FoxP3,Phenotype_FoxP3_5.6.20.ifp,,Processing Started on: 05/09/2020 08:47:24,Processing Finished on: 05/09/2020 14:08:47
\\bki03\Clinical_Specimen_BMS_01,ML1603470_BMS066_5_21,FoxP3,FoxP3_Phenotype_05.06.2020.ifr,,Processing Started on: 05/09/2020 14:08:47,Processing Finished on: 05/09/2020 14:08:47
\\bki03\Clinical_Specimen_BMS_01,ML1603490_BMS_065_5_20,CD68,CD68_Phenotype_04.10.2020.ifp,,Processing Started on: 05/09/2020 14:18:47,Processing Finished on: 05/09/2020 14:24:08
\\bki03\Clinical_Specimen_BMS_01,ML1603490_BMS_065_5_20,FoxP3,FoxP3_Phenotype_05.06.2020.ifr,,Processing Started on: 05/09/2020 14:34:09,Processing Finished on: 05/09/2020 14:39:29
\\bki03\Clinical_Specimen_BMS_01,ML1603490_BMS_065_5_20,PD1,PD1_Phenotype_05.06.2020.ifp,,Processing Started on: 05/09/2020 14:39:29,Processing Finished on: 05/09/2020 14:44:50
\\bki03\Clinical_Specimen_BMS_01,ML1603490_BMS_065_5_20,PDL1,PDL1_Macrophage_Phenotype_04.30.2020.ifr,,Processing Started on: 05/09/2020 14:54:50,Processing Finished on: 05/09/2020 15:00:12
\\bki03\Clinical_Specimen_BMS_01,ML1603490_BMS_065_5_20,PDL1_2,PDL1_Tumor_Phenotype_04.30.2020.ifr,Processing Started on: 05/09/2020 15:00:12,Processing Finished on: 05/09/2020 15:05:34
\\bki03\Clinical_Specimen_BMS_01,ML1603490_BMS_065_5_20,Tumor,Tumor_Phenotype_03.19.2020.ifp,,Processing Started on: 05/09/2020 15:15:34,Processing Finished on: 05/09/2020 15:20:55
\\bki03\Clinical_Specimen_BMS_01,ML1603492_BMS059_5_23,CD8,CD8_Phenotype_05.06.2020.ifp,,Processing Started on: 05/09/2020 15:20:55,Processing Finished on: 05/09/2020 15:38:16
\\bki03\Clinical_Specimen_BMS_01,ML1603492_BMS059_5_23,PD1,PD1_Phenotype_05.06.2020.ifp,,Processing Started on: 05/09/2020 15:38:16,Processing Finished on: 05/09/2020 15:55:36
\\bki03\Clinical_Specimen_BMS_01,ML1603492_BMS059_5_23,Tumor,Tumor_Phenotype_03.19.2020.ifp,,Processing Started on: 05/09/2020 15:55:36,Processing Finished on: 05/09/2020 16:04:57
\\bki03\Clinical_Specimen_BMS_01,ML1603617_BMS137_5_24,CD68,CD68_Phenotype_04.10.2020.ifp,,Processing Started on: 05/09/2020 16:04:57,Processing Finished on: 05/09/2020 16:24:18
\\bki03\Clinical_Specimen_BMS_01,ML1603617_BMS137_5_24,PD1,PD1_Phenotype_05.06.2020.ifp,,Processing Started on: 05/09/2020 16:24:18,Processing Finished on: 05/09/2020 16:43:39
\\bki03\Clinical_Specimen_BMS_01,ML1603631_BMS156_5_23,CD68,CD68_Phenotype_04.10.2020.ifp,,Processing Started on: 05/09/2020 16:43:39,Processing Finished on: 05/09/2020 16:50:59
\\bki03\Clinical_Specimen_BMS_01,ML1603631_BMS156_5_23,FoxP3,FoxP3_Phenotype_05.06.2020.ifr,,Processing Started on: 05/09/2020 16:50:59,Processing Finished on: 05/09/2020 16:58:20
\\bki03\Clinical_Specimen_BMS_01,ML1603631_BMS156_5_23,PDL1,PDL1_Macrophage_Phenotype_04.30.2020.ifr,,Processing Started on: 05/09/2020 17:08:20,Processing Finished on: 05/09/2020 17:15:41
\\bki03\Clinical_Specimen_BMS_01,ML1603631_BMS156_5_23,Tumor,Tumor_Phenotype_03.19.2020.ifp,,Processing Started on: 05/09/2020 17:15:41,Processing Finished on: 05/09/2020 17:23:02
\\bki03\Clinical_Specimen_BMS_01,ML1603637_BMS171_5_22,FoxP3,FoxP3_Phenotype_05.06.2020.ifr,,Processing Started on: 05/09/2020 17:23:02,Processing Finished on: 05/10/2020 04:58:16
\\bki03\Clinical_Specimen_BMS_01,ML1603637_BMS171_5_22,PDL1,PDL1_Macrophage_Phenotype_04.30.2020.ifr,,Processing Started on: 05/10/2020 04:58:16,Processing Finished on: 05/10/2020 15:21:39
\\bki03\Clinical_Specimen_BMS_01,ML1603654_BMS212_5_25,Tumor,Tumor_Phenotype_03.19.2020.ifp,,Processing Started on: 05/10/2020 15:21:39,Processing Finished on: 05/10/2020 23:23:02
\\bki07\Clinical_Specimen_11,M128_Restain,CD163,CD163_SB_04302020.ifp,,Processing Started on: 05/11/2020 02:23:02,Processing Finished on: 05/11/2020 10:44:25
\\bki07\Clinical_Specimen_11,M129_Restain,CD8,CD8_SB_04292020.ifp,,Processing Started on: 05/11/2020 10:44:25,Processing Finished on: 05/12/2020 05:55:52
\\bki07\Clinical_Specimen_11,M136_Restain,PD1,PD1_SB_04302020.ifp,,Processing Started on: 05/12/2020 05:55:52,Processing Finished on: 05/12/2020 15:55:19
\\bki07\Clinical_Specimen_11,M174,CD8,CD8_SB_04292020.ifp,,Processing Started on: 05/12/2020 15:55:19,Processing Finished on: 05/13/2020 06:08:46
\\bki07\Clinical_Specimen_11,M180,CD8,CD8_SB_04292020.ifp,,Processing Started on: 05/13/2020 06:08:46,Processing Finished on: 05/13/2020 08:06:07
\\bki07\Clinical_Specimen_11,M190,PDL1,PDL1_SB_04302020.ifp,,Processing Started on: 05/13/2020 08:06:07,Processing Finished on: 05/13/2020 17:15:29
\\bki07\Clinical_Specimen_11,M191,FoxP3,FoxP3_SB_04302020.ifp,,Processing Started on: 05/13/2020 17:15:29,Processing Finished on: 05/13/2020 17:38:49
\\bki07\Clinical_Specimen_11,M195,PD1,PD1_SB_04302020.ifp,Processing Started on: 05/13/2020 17:38:49,Processing Finished on: 05/13/2020 19:46:10
\\bki07\Clinical_Specimen_11,M195,PDL1,PDL1_SB_04302020.ifp,Processing Started on: 05/13/2020 19:46:10,Processing Finished on: 05/13/2020 22:05:30
\\bki07\Clinical_Specimen_11,M196,PD1,PD1_SB_04302020.ifp,Processing Started on: 05/13/2020 22:05:30,Processing Finished on: 05/14/2020 07:08:52
\\bki07\Clinical_Specimen_11,M197,Tumor,Tumor_withcyto_DW_07.08.18.ifp,Processing Started on: 05/14/2020 07:08:52,Processing Finished on: 05/14/2020 12:30:14
\\bki07\Clinical_Specimen_11,M200,Tumor,Tumor_withcyto_DW_07.08.18.ifp,Processing Started on: 05/14/2020 12:30:14,Processing Finished on: 05/15/2020 00:01:37
\\bki07\Clinical_Specimen_11,M115,CD8,CD8_SB_04292020.ifp,,Processing Started on: 05/15/2020 12:51:38,Processing Finished on: 05/16/2020 03:37:01
\\bki07\Clinical_Specimen_11,M146,CD8,CD8_SB_04292020.ifp,,Processing Started on: 05/16/2020 03:37:01,Processing Finished on: 05/16/2020 03:58:23
\\bki07\Clinical_Specimen_11,M133_Restain,CD8,CD8_SB_04292020.ifp,Processing Started on: 05/16/2020 03:58:23,Processing Finished on: 05/16/2020 08:55:45
\\bki07\Clinical_Specimen_11,M134_Restain,CD8,CD8_SB_04292020.ifp,Processing Started on: 05/16/2020 08:55:45,Processing Finished on: 05/16/2020 17:41:08
\\bki07\Clinical_Specimen_11,M140_Restain,FoxP3,FoxP3_SB_04302020.ifp,Processing Started on: 05/16/2020 17:41:08,Processing Finished on: 05/16/2020 23:40:31
\\bki07\Clinical_Specimen_11,M169,CD8,CD8_SB_04292020.ifp,Processing Started on: 05/16/2020 23:40:31,Processing Finished on: 05/17/2020 04:29:53
\\bki07\Clinical_Specimen_11,M202,PDL1,PDL1_SB_04302020.ifp,Processing Started on: 05/17/2020 04:29:53,Processing Finished on: 05/17/2020 10:39:15
\\bki07\Clinical_Specimen_11,M204,Tumor,Tumor_withcyto_DW_07.08.18.ifp,Processing Started on: 05/17/2020 10:39:15,Processing Finished on: 05/17/2020 19:28:38
\\bki07\Clinical_Specimen_11,M212,Tumor,Tumor_withcyto_DW_07.08.18.ifp,Processing Started on: 05/17/2020 19:28:38,Processing Finished on: 05/18/2020 02:28:00
\\bki07\Clinical_Specimen_11,M217,CD163,CD163_SB_04302020.ifp,Processing Started on: 05/18/2020 02:28:00,Processing Finished on: 05/18/2020 16:59:23
\\bki03\Clinical_Specimen_BMS_01,ML1603492_BMS059_5_23,CD68,CD68_Phenotype_05.01.2020.ifp,Processing Started on: 05/18/2020 16:59:23,Processing Finished on: 05/18/2020 17:10:44
\\bki03\Clinical_Specimen_BMS_03,TS19_0171_A_1_3_BMS_MITRE,PDL1_2,CD68_PDL1_Phenotype_01.13.2020.ifp,Processing Started on: 05/18/2020 17:10:44,Processing Finished on: 05/18/2020 23:20:07
\\bki03\Clinical_Specimen_BMS_03,TS19_0173_A_1_3_BMS_MITRE,PDL1_2,CD68_PDL1_Phenotype_01.13.2020.ifp,Processing Started on: 05/18/2020 23:20:07,Processing Finished on: 05/19/2020 01:29:29
\\bki03\Clinical_Specimen_BMS_03,TS19_0183_A_2_3_BMS_MITRE,PDL1_2,CD68_PDL1_Phenotype_01.13.2020.ifp,Processing Started on: 05/19/2020 01:29:29,Processing Finished on: 05/19/2020 02:56:51
\\bki03\Clinical_Specimen_BMS_03,TS19_0178_A_1_3_BMS_MITRE,Tumor,Tumor_Phenotype_01.10.2020.ifp,Processing Started on: 05/21/2020 15:26:57,Processing Finished on: 05/21/2020 17:36:19
\\bki07\Clinical_Specimen_11,M130_Restain,CD163,CD163_SB_05262020_outlier.ifp,Processing Started on: 05/26/2020 03:26:27,Processing Finished on: 05/26/2020 03:49:48
\\bki07\Clinical_Specimen_11,M192,CD163,CD163_SB_05262020_outlier.ifp,Processing Started on: 05/27/2020 01:19:50,Processing Finished on: 05/27/2020 02:35:10
\\bki07\Clinical_Specimen_11,M115,FoxP3,FoxP3_SB_05272020_outlier.ifp,Processing Started on: 05/27/2020 02:45:10,Processing Finished on: 05/27/2020 15:38:34
\\bki07\Clinical_Specimen_11,M187,FoxP3,FoxP3_SB_05272020_outlier.ifp,Processing Started on: 05/27/2020 15:38:34,Processing Finished on: 05/28/2020 08:52:42
\\bki07\Clinical_Specimen_11,M115,PDL1,PDL1_SB_05272020_outlier.ifp,Processing Started on: 05/29/2020 11:13:24,Processing Finished on: 05/30/2020 04:39:18
\\bki07\Clinical_Specimen_11,M205,CD163,CD163_SB_04302020.ifp,,Processing Started on: 05/30/2020 04:39:18,Processing Finished on: 05/30/2020 22:58:43
\\bki03\Clinical_Specimen_8,YZ50,CD4,CITN09_CD4_05.24.2020.ifr,Processing Started on: 05/30/2020 22:58:43,Processing Finished on: 05/31/2020 05:14:06
\\bki03\Clinical_Specimen_8,YZ54,Tumor,Tumor_Algorithm_02.25.2020.ifp,Processing Started on: 05/31/2020 05:14:06,Processing Finished on: 06/01/2020 07:13:34
\\bki03\Clinical_Specimen_8,YZ57,FoxP3,CITN09_Foxp3_04.15.2020.ifr,Processing Started on: 06/01/2020 07:13:34,Processing Finished on: 06/02/2020 11:27:03
\\bki07\Clinical_Specimen_11,M219,CD8,CD8_SB_04292020.ifp,Processing Started on: 06/03/2020 16:15:29,Processing Finished on: 06/03/2020 22:06:50
\\bki07\Clinical_Specimen_11,M138_Restain,CD8,CD8_SB_04292020.ifp,,Processing Started on: 06/03/2020 22:06:50,Processing Finished on: 06/04/2020 20:36:15
\\bki07\Clinical_Specimen_11,M217,FoxP3,FoxP3_SB_04302020.ifp,Processing Started on: 06/04/2020 20:36:15,Processing Finished on: 06/05/2020 08:43:38
\\bki07\Clinical_Specimen_11,M218,FoxP3,FoxP3_SB_06032020_outlier.ifp,Processing Started on: 06/08/2020 19:43:46,Processing Finished on: 06/09/2020 12:25:10
\\bki03\Clinical_Specimen_BMS_01,ML1610803_BMS008_5_23,CD68,CD68_Phenotype_05.01.2020.ifp,,Processing Started on: 06/09/2020 12:25:10,Processing Finished on: 06/09/2020 13:16:31
\\bki03\Clinical_Specimen_BMS_01,ML1610865_BMS116_5_22,FoxP3,FoxP3_Phenotype_05.06.2020.ifp,,Processing Started on: 06/09/2020 13:16:31,Processing Finished on: 06/09/2020 15:45:53
\\bki03\Clinical_Specimen_BMS_01,ML1610865_BMS116_5_22,PDL1_2,PDL1_Tumor_Phenotype_04.30.2020.ifr,,Processing Started on: 06/09/2020 15:45:53,Processing Finished on: 06/09/2020 17:47:16
\\bki03\Clinical_Specimen_BMS_01,ML1610867_BMS119_5_23,CD8,CD8_Phenotype_05.06.2020.ifp,,Processing Started on: 06/09/2020 17:47:16,Processing Finished on: 06/10/2020 00:06:31
\\bki03\Clinical_Specimen_BMS_01,ML1610867_BMS119_5_23,PDL1_2,PDL1_Tumor_Phenotype_04.30.2020.ifr,,Processing Started on: 06/10/2020 00:06:31,Processing Finished on: 06/10/2020 05:25:53
\\bki03\Clinical_Specimen_BMS_01,ML1610891_BMS_129_5_20,Tumor,CK_Phenotype_04.30.2020.ifp,,Processing Started on: 06/10/2020 05:25:53,Processing Finished on: 06/10/2020 05:57:14
\\bki03\Clinical_Specimen_BMS_01,ML1610905_BMS106_5_28,CD8,CD8_Phenotype_05.06.2020.ifp,,Processing Started on: 06/10/2020 05:57:15,Processing Finished on: 06/10/2020 10:12:37
\\bki03\Clinical_Specimen_BMS_01,ML1610905_BMS106_5_28,PDL1,PDL1_Macrophage_Phenotype_04.30.2020.ifr,,Processing Started on: 06/10/2020 10:12:37,Processing Finished on: 06/10/2020 14:37:59
\\bki03\Clinical_Specimen_BMS_01,ML1610907_BMS112_5_21,CD8,CD8_Phenotype_05.06.2020.ifp,,Processing Started on: 06/10/2020 14:37:59,Processing Finished on: 06/11/2020 05:07:14
\\bki03\Clinical_Specimen_BMS_01,ML1610917_BMS164_5_28,CD68,CD68_Phenotype_05.01.2020.ifp,,Processing Started on: 06/11/2020 05:07:14,Processing Finished on: 06/11/2020 06:32:35
\\bki03\Clinical_Specimen_BMS_01,ML1610942_BMS181_5_22,CD68,CD68_Phenotype_05.01.2020.ifp,,Processing Started on: 06/11/2020 06:32:35,Processing Finished on: 06/11/2020 06:53:57
\\bki03\Clinical_Specimen_BMS_01,ML1610942_BMS181_5_22,PDL1_2,PDL1_Tumor_Phenotype_04.30.2020.ifr,,Processing Started on: 06/11/2020 06:53:57,Processing Finished on: 06/11/2020 07:17:18
\\bki03\Clinical_Specimen_BMS_01,ML1610943_BMS184_5_28,CD68,CD68_Phenotype_05.01.2020.ifp,,Processing Started on: 06/11/2020 07:17:18,Processing Finished on: 06/11/2020 18:20:41
\\bki03\Clinical_Specimen_BMS_01,ML1610943_BMS184_5_28,FoxP3,FoxP3_Phenotype_05.06.2020.ifp,,Processing Started on: 06/11/2020 18:20:41,Processing Finished on: 06/12/2020 06:54:06
\\bki03\Clinical_Specimen_BMS_01,ML1610960_BMS183_5_25,CD68,CD68_Phenotype_05.01.2020.ifp,,Processing Started on: 06/12/2020 06:54:06,Processing Finished on: 06/12/2020 11:37:29
\\bki03\Clinical_Specimen_BMS_01,ML1716639_BMS142_5_23,PDL1_2,PDL1_Tumor_Phenotype_04.30.2020.ifr,,Processing Started on: 06/12/2020 11:37:29,Processing Finished on: 06/13/2020 00:14:53
\\bki03\Clinical_Specimen_BMS_01,ML1716648_BMS132_5_21,PDL1,PDL1_Macrophage_Phenotype_04.30.2020.ifr,,Processing Started on: 06/13/2020 00:14:53,Processing Finished on: 06/13/2020 05:34:17
\\bki03\Clinical_Specimen_BMS_01,ML1610942_BMS181_5_22,PD1,PD1_Phenotype_05.06.2020.ifp,,Processing Started on: 06/13/2020 05:34:17,Processing Finished on: 06/13/2020 06:01:37
\\bki03\Clinical_Specimen_BMS_01,ML1716644_BMS138_5_22,PD1,PD1_Phenotype_05.06.2020.ifp,,Processing Started on: 06/13/2020 06:01:37,Processing Finished on: 06/13/2020 10:50:58
\\bki03\Clinical_Specimen_BMS_01,ML1716677_BMS149_5_21,PD1,PD1_Phenotype_05.06.2020.ifp,,Processing Started on: 06/13/2020 10:50:58,Processing Finished on: 06/13/2020 11:24:20
\\bki03\Clinical_Specimen_BMS_01,A006BK344_BMS_223_5_20,CD68,CD68_Phenotype_05.01.2020.ifp,,Processing Started on: 06/18/2020 09:54:32,Processing Finished on: 06/18/2020 10:43:51
\\bki03\Clinical_Specimen_BMS_01,A078BK931_BMS097_5_23,CD8,CD8_Phenotype_05.06.2020.ifp,,Processing Started on: 06/18/2020 10:43:52,Processing Finished on: 06/18/2020 10:43:52
\\bki03\Clinical_Specimen_BMS_01,ML1603470_BMS066_5_21,PD1,PD1_Phenotype_05.06.2020.ifp,,Processing Started on: 06/18/2020 10:53:52,Processing Finished on: 06/18/2020 10:53:52
\\bki03\Clinical_Specimen_BMS_01,ML1603474_BMS069_5_21,CD68,CD68_Phenotype_05.01.2020.ifp,,Processing Started on: 06/18/2020 11:03:52,Processing Finished on: 06/19/2020 18:27:19
\\bki03\Clinical_Specimen_BMS_01,ML1603480_BMS078_5_22,Tumor,Tumor_Phenotype_03.19.2020.ifp,,Processing Started on: 06/19/2020 18:27:19,Processing Finished on: 06/20/2020 13:24:45
\\bki03\Clinical_Specimen_BMS_01,ML1610731_BMS041_5_23,CD8,CD8_Phenotype_05.06.2020.ifp,Processing Started on: 06/20/2020 13:24:45,Processing Finished on: 06/21/2020 01:08:10
\\bki03\Clinical_Specimen_BMS_01,ML1610744_BMS082_5_23,PDL1,PDL1_Macrophage_Phenotype_04.30.2020.ifr,Processing Started on: 06/21/2020 01:08:10,Processing Finished on: 06/21/2020 01:27:32
\\bki03\Clinical_Specimen_BMS_01,ML1610768_BMS094_5_22,Tumor,Tumor_Phenotype_03.19.2020.ifp,Processing Started on: 06/21/2020 01:27:32,Processing Finished on: 06/21/2020 01:54:53
\\bki03\Clinical_Specimen_BMS_01,ML1610774_BMS025_5_24,CD8,CD8_Phenotype_05.06.2020.ifp,Processing Started on: 06/21/2020 01:54:53,Processing Finished on: 06/21/2020 02:32:15
\\bki03\Clinical_Specimen_BMS_01,ML1610774_BMS025_5_24,PDL1,PDL1_Macrophage_Phenotype_04.30.2020.ifr,Processing Started on: 06/21/2020 02:32:15,Processing Finished on: 06/21/2020 03:07:37
\\bki03\Clinical_Specimen_BMS_01,ML1610777_BMS_060_5_20,CD8,CD8_Phenotype_05.06.2020.ifp,Processing Started on: 06/21/2020 03:07:37,Processing Finished on: 06/21/2020 20:26:52
\\bki03\Clinical_Specimen_BMS_01,ML1610777_BMS_060_5_20,PDL1,PDL1_Macrophage_Phenotype_04.30.2020.ifr,Processing Started on: 06/21/2020 20:26:52,Processing Finished on: 06/22/2020 09:22:15
\\bki03\Clinical_Specimen_9,XU1,CD8,Phenotype_CD8_6.16.20.ifp,,Processing Started on: 06/23/2020 18:32:18,Processing Finished on: 06/23/2020 23:33:42
\\bki03\Clinical_Specimen_9,XU20,CD8,Phenotype_CD8_6.16.20.ifp,,Processing Started on: 06/23/2020 23:33:42,Processing Finished on: 06/24/2020 03:15:06
\\bki03\Clinical_Specimen_8,YZ60,CD4,CITN09_CD4_05.24.2020.ifr,,Processing Started on: 06/24/2020 03:15:06,Processing Finished on: 06/24/2020 20:22:38
\\bki03\Clinical_Specimen_8,YZ60,CD20,CITN09_CD20_05.24.2020.ifr,,Processing Started on: 06/24/2020 20:22:38,Processing Finished on: 06/25/2020 13:02:02
\\bki03\Clinical_Specimen_8,YZ73,FoxP3,CITN09_Foxp3_04.15.2020.ifr,Processing Started on: 06/25/2020 13:02:02,Processing Finished on: 06/26/2020 22:21:32
\\bki03\Clinical_Specimen_BMS_01,ML1610731_BMS041_5_23,PDL1,PDL1_Tumor_Phenotype_04.30.2020.ifr,Processing Started on: 06/26/2020 22:21:32,Processing Finished on: 06/27/2020 08:10:56
\\bki03\Clinical_Specimen_10,LY2,Tumor,tumor_rephenotyping_algorithm_EC_v8u.ifp,Processing Started on: 06/27/2020 08:10:56,Processing Finished on: 06/27/2020 22:16:21
\\bki03\Clinical_Specimen_10,LY1,CD79a,CD79a_rephenotyping_MF_v6_under.ifr,Processing Started on: 06/29/2020 05:26:24,Processing Finished on: 06/30/2020 01:10:02
\\bki03\Clinical_Specimen_10,LY34,PD1,PD1_rephenotyping_AF_final.ifr,Processing Started on: 06/30/2020 01:10:02,Processing Finished on: 07/01/2020 03:55:19
\\bki03\Clinical_Specimen_BMS_01,ML1610744_BMS082_5_23,PDL1,PDL1_Macrophage_Phenotype_04.30.2020.ifr,Processing Started on: 07/01/2020 03:55:19,Processing Finished on: 07/01/2020 04:10:43
\\bki04\Clinical_Specimen_2,L53_2,CD163,CD163_TRC_12.2.2019.ifp,,Processing Started on: 07/02/2020 09:50:46,Processing Finished on: 07/02/2020 19:12:08
\\bki03\Clinical_Specimen_8,YZ66,CD20,CITN09_CD20_05.24.2020.ifr,Processing Started on: 07/03/2020 06:52:09,Processing Finished on: 07/04/2020 04:49:33
\\bki03\Clinical_Specimen_10,LY13,PD1,PD1_rephenotyping_LY13LY17_AF_final.ifr,Processing Started on: 07/08/2020 07:49:42,Processing Finished on: 07/08/2020 09:55:03
\\bki03\Clinical_Specimen_10,LY16,CD163,CD163_rephenotyping_algorithm_SU_v4.ifp,Processing Started on: 07/14/2020 13:42:58,Processing Finished on: 07/14/2020 20:40:20
\\bki04\Clinical_Specimen_7,ZW10,PD1,PD1_Phenotype_07.02.2020.ifr,,Processing Started on: 07/16/2020 12:12:15,Processing Finished on: 07/16/2020 21:53:36
\\bki04\Clinical_Specimen_7,ZW2,CD8,CD8_Phenotype_07.02.2020.ifr,,Processing Started on: 07/16/2020 21:53:36,Processing Finished on: 07/17/2020 05:56:57
\\bki04\Clinical_Specimen_7,ZW4,PDL1,PDL1_Pheno_Macrophage_07.02.2020.ifp,,Processing Started on: 07/20/2020 13:47:05,Processing Finished on: 07/20/2020 23:56:29
\\bki04\Clinical_Specimen_7,ZW7,Tumor,PANCK_PHENOTYPE_ALGORITM_06.23.2020.ifp,,Processing Started on: 07/20/2020 23:56:29,Processing Finished on: 07/21/2020 16:17:18
\\bki04\Clinical_Specimen_7,ZW7,PDL1_2,PDL1_Pheno_PanCK_07.02.2020.ifp,,Processing Started on: 07/21/2020 16:17:18,Processing Finished on: 07/22/2020 08:16:33
\\bki04\Clinical_Specimen_6,YX15,Ki67,Ki67_Immune_Phenotype_flatw_06.02.2020.ifp,,Processing Started on: 07/22/2020 08:16:33,Processing Finished on: 07/23/2020 16:16:04
\\bki04\Clinical_Specimen_5,YY22,CD79a,CD79a_Phenotype_7.17.20.ifp,,Processing Started on: 07/23/2020 16:16:04,Processing Finished on: 07/24/2020 02:03:26
\\bki03\Clinical_Specimen_10,LY34,ERG,ERG_rephenotyping_algorithm_SU_v6.ifp,,Processing Started on: 07/24/2020 02:03:26,Processing Finished on: 07/25/2020 01:10:42
\\bki03\Clinical_Specimen_BMS_01,ML1716599_BMS064_5_28,PD1,PD1_Phenotype_flatw_07.17.2020.ifp,,Processing Started on: 07/25/2020 01:10:42,Processing Finished on: 07/25/2020 01:58:07
\\bki04\Clinical_Specimen_5,YY15,ERG,ERG_Phenotype_7.9.20.ifp,Processing Started on: 07/27/2020 01:08:12,Processing Finished on: 07/27/2020 21:09:36
\\bki04\Clinical_Specimen_5,YY18,ERG,ERG_Phenotype_7.9.20.ifp,Processing Started on: 07/27/2020 21:09:36,Processing Finished on: 07/27/2020 21:44:56
\\bki03\Clinical_Specimen_BMS_01,ML1610956_BMS_202_5_20,PDL1,PDL1_Macrophage_Phenotype_flatw_07.22.2020.ifp,,Processing Started on: 07/27/2020 21:44:56,Processing Finished on: 07/27/2020 22:22:18
\\bki03\Clinical_Specimen_BMS_01,ML1611480_BMS074_5_25,CD68,CD68_Phenotype_flatw_07.21.2020.ifp,,Processing Started on: 07/27/2020 22:22:18,Processing Finished on: 07/27/2020 22:39:56
\\bki03\Clinical_Specimen_BMS_01,ML1716599_BMS064_5_28,CD68,CD68_Phenotype_flatw_07.21.2020.ifp,,Processing Started on: 07/27/2020 22:39:56,Processing Finished on: 07/27/2020 23:26:10
\\bki03\Clinical_Specimen_BMS_01,ML1716600_BMS067_5_22,PDL1,PDL1_Macrophage_Phenotype_flatw_07.22.2020.ifp,,Processing Started on: 07/27/2020 23:26:10,Processing Finished on: 07/28/2020 00:49:49
\\bki04\Clinical_Specimen_5,YY3,Tumor,NSE_Phenotype_2.26.20_px.ifp,,Processing Started on: 07/28/2020 00:49:49,Processing Finished on: 07/28/2020 01:23:09
\\bki04\Clinical_Specimen_5,YY31,Tumor,NSE_Phenotype_2.26.20_px.ifp,,Processing Started on: 07/28/2020 01:23:09,Processing Finished on: 07/28/2020 02:02:31
\\bki04\Clinical_Specimen_5,YY32,CD3,CD3_Phenotype_7.21.20.ifp,,Processing Started on: 07/28/2020 02:02:31,Processing Finished on: 07/28/2020 03:13:52
\\bki04\Clinical_Specimen_5,YY32,ERG,ERG_Phenotype_7.9.20.ifp,,Processing Started on: 07/28/2020 03:13:52,Processing Finished on: 07/28/2020 04:23:13
\\bki04\Clinical_Specimen_5,YY33,CD163,CD163_Phenotype_4.3.20_px.ifp,,Processing Started on: 07/28/2020 04:23:13,Processing Finished on: 07/28/2020 11:42:36
\\bki04\Clinical_Specimen_5,YY33,ERG,ERG_Phenotype_7.9.20.ifp,,Processing Started on: 07/28/2020 11:42:36,Processing Finished on: 07/28/2020 19:37:59
\\bki04\Clinical_Specimen_5,YY35,Tumor,NSE_Phenotype_2.26.20_px.ifp,,Processing Started on: 07/28/2020 19:37:59,Processing Finished on: 07/28/2020 20:23:20
\\bki04\Clinical_Specimen_6,YX19,Tumor,Tumor_Phenotype_flatw_06.01.2020.ifp,,Processing Started on: 07/28/2020 20:23:20,Processing Finished on: 07/29/2020 18:00:45
\\bki04\Clinical_Specimen_6,YX1,CD8,CD8_Phenotype_flatw_07.07.2020.ifp,,Processing Started on: 07/29/2020 18:00:45,Processing Finished on: 07/29/2020 18:35:56
\\bki04\Clinical_Specimen_6,YX23,Ki67,Ki67_Immune_Phenotype_flatw_06.02.2020.ifp,,Processing Started on: 07/29/2020 18:35:56,Processing Finished on: 07/29/2020 20:29:19
\\bki04\Clinical_Specimen_6,YX23,Ki67_2,Ki67_Tumor_Phenotype_flatw_06.01.2020.ifp,,Processing Started on: 07/29/2020 20:29:19,Processing Finished on: 07/29/2020 22:16:41
\\bki04\Clinical_Specimen_6,YX23,Tumor,Tumor_Phenotype_flatw_06.01.2020.ifp,,Processing Started on: 07/29/2020 22:16:41,Processing Finished on: 07/30/2020 00:10:02
\\bki04\Clinical_Specimen_6,YX24,Ki67_2,Ki67_Tumor_Phenotype_flatw_06.01.2020.ifp,,Processing Started on: 07/30/2020 00:10:02,Processing Finished on: 07/30/2020 17:07:27
\\bki04\Clinical_Specimen_6,YX25,CD20,CD20_Phenotype_Flatw_06.30.2020.ifp,,Processing Started on: 07/30/2020 17:07:27,Processing Finished on: 07/31/2020 12:30:54
\\bki04\Clinical_Specimen_6,YX27,PD1,PD1_Phenotype_flatw_07.13.2020.ifp,,Processing Started on: 07/31/2020 12:30:54,Processing Finished on: 07/31/2020 15:36:16
\\bki04\Clinical_Specimen_6,YX32,Tumor,Tumor_Phenotype_flatw_06.01.2020.ifp,,Processing Started on: 07/31/2020 15:36:16,Processing Finished on: 07/31/2020 18:09:38
\\bki04\Clinical_Specimen_6,YX33,PD1,PD1_Phenotype_flatw_07.13.2020.ifp,,Processing Started on: 07/31/2020 18:09:39,Processing Finished on: 08/01/2020 08:05:05
\\bki04\Clinical_Specimen_6,YX34,Ki67,Ki67_Immune_Phenotype_flatw_06.02.2020.ifp,,Processing Started on: 08/01/2020 08:05:05,Processing Finished on: 08/01/2020 08:18:28
\\bki04\Clinical_Specimen_6,YX30,Ki67_2,Ki67_Tumor_Phenotype_flatw_06.01.2020.ifp,,Processing Started on: 08/01/2020 08:18:28,Processing Finished on: 08/01/2020 20:33:53
\\bki04\Clinical_Specimen_6,YX30,PD1,PD1_Phenotype_flatw_07.13.2020.ifp,,Processing Started on: 08/01/2020 20:33:53,Processing Finished on: 08/02/2020 07:23:17
\\bki03\Clinical_Specimen_10,LY1,ERG,ERG_rephenotyping_algorithm_SU_v7.ifp,Processing Started on: 08/03/2020 16:33:20,Processing Finished on: 08/04/2020 07:08:43
\\bki03\Clinical_Specimen_BMS_01,ML1610960_BMS183_5_25,Tumor,CK_Phenotype_07.13.2020.ifp,,Processing Started on: 08/17/2020 05:01:16,Processing Finished on: 08/17/2020 09:44:42
\\bki03\Clinical_Specimen_BMS_01,ML1610943_BMS184_5_28,Tumor,CK_Phenotype_07.13.2020.ifp,Processing Started on: 08/17/2020 09:44:42,Processing Finished on: 08/17/2020 20:42:07
\\bki03\Clinical_Specimen_BMS_01,ML1716639_BMS142_5_23,FoxP3,FoxP3_Phenotype_flatw_07.16.2020.ifp,Processing Started on: 08/19/2020 14:01:09,Processing Finished on: 08/20/2020 04:30:26
\\bki03\Clinical_Specimen_BMS_01,A938AW145_BMS221_5_28,PD1,PD1_Phenotype_flatw_07.17.2020.ifp,Processing Started on: 08/20/2020 04:30:27,Processing Finished on: 08/20/2020 05:17:56
\\bki03\Clinical_Specimen_BMS_01,ML1610734_BMS047_5_28,PD1,PD1_Phenotype_flatw_07.17.2020.ifp,Processing Started on: 08/20/2020 05:17:56,Processing Finished on: 08/20/2020 06:41:26
\\bki03\Clinical_Specimen_BMS_01,ML1610734_BMS047_5_28,PDL1,PDL1_Macrophage_Phenotype_flatw_07.22.2020.ifp,Processing Started on: 08/20/2020 06:41:26,Processing Finished on: 08/20/2020 08:08:49
\\bki03\Clinical_Specimen_BMS_01,ML1610737_BMS_050_5_20,FoxP3,FoxP3_Phenotype_flatw_07.16.2020.ifp,Processing Started on: 08/20/2020 08:08:49,Processing Finished on: 08/20/2020 08:16:12
\\bki03\Clinical_Specimen_BMS_01,ML1610737_BMS_050_5_20,Tumor,CK_Phenotype_07.13.2020.ifp,Processing Started on: 08/20/2020 08:16:12,Processing Finished on: 08/20/2020 08:23:35
\\bki03\Clinical_Specimen_BMS_01,ML1610742_BMS028_5_25,CD68,CD68_Phenotype_flatw_07.21.2020.ifp,Processing Started on: 08/20/2020 08:33:35,Processing Finished on: 08/21/2020 00:31:03
\\bki03\Clinical_Specimen_BMS_01,ML1610742_BMS028_5_25,CD8,CD8_Phenotype_flatw_07.16.2020.ifp,Processing Started on: 08/21/2020 11:13:41,Processing Finished on: 08/22/2020 02:53:02
\\bki03\Clinical_Specimen_BMS_01,ML1610748_BMS090_5_21,CD8,CD8_Phenotype_flatw_07.16.2020.ifp,,Processing Started on: 08/22/2020 02:53:02,Processing Finished on: 08/22/2020 03:16:24
\\bki03\Clinical_Specimen_BMS_01,ML1610765_BMS030_5_28,PDL1,PDL1_Macrophage_Phenotype_flatw_07.22.2020.ifp,Processing Started on: 08/22/2020 03:16:24,Processing Finished on: 08/22/2020 03:29:46
\\bki03\Clinical_Specimen_BMS_01,ML1610765_BMS030_5_28,Tumor,CK_Phenotype_07.13.2020.ifp,Processing Started on: 08/22/2020 03:29:46,Processing Finished on: 08/22/2020 03:41:07
\\bki03\Clinical_Specimen_BMS_01,ML1610768_BMS094_5_22,CD68,CD68_Phenotype_flatw_07.21.2020.ifp,Processing Started on: 08/22/2020 03:41:07,Processing Finished on: 08/22/2020 04:12:29
\\bki03\Clinical_Specimen_BMS_01,ML1610768_BMS094_5_22,CD8,CD8_Phenotype_flatw_07.16.2020.ifp,Processing Started on: 08/22/2020 04:12:29,Processing Finished on: 08/22/2020 04:43:43
\\bki03\Clinical_Specimen_BMS_01,ML1610768_BMS094_5_22,PD1,PD1_Phenotype_flatw_07.17.2020.ifp,Processing Started on: 08/22/2020 04:43:43,Processing Finished on: 08/22/2020 05:14:55
\\bki03\Clinical_Specimen_BMS_01,ML1610774_BMS025_5_24,CD68,CD68_Phenotype_flatw_07.21.2020.ifp,Processing Started on: 08/22/2020 05:14:55,Processing Finished on: 08/22/2020 05:48:17
\\bki03\Clinical_Specimen_BMS_01,ML1610774_BMS025_5_24,FoxP3,FoxP3_Phenotype_flatw_07.16.2020.ifp,Processing Started on: 08/22/2020 05:48:17,Processing Finished on: 08/22/2020 06:23:40
\\bki03\Clinical_Specimen_BMS_01,ML1610774_BMS025_5_24,Tumor,CK_Phenotype_07.13.2020.ifp,Processing Started on: 08/22/2020 06:23:40,Processing Finished on: 08/22/2020 06:55:03
\\bki03\Clinical_Specimen_BMS_01,ML1610777_BMS_060_5_20,CD8,CD8_Phenotype_flatw_07.16.2020.ifp,Processing Started on: 08/22/2020 06:55:03,Processing Finished on: 08/23/2020 00:50:22
\\bki03\Clinical_Specimen_BMS_01,ML1610777_BMS_060_5_20,PD1,PD1_Phenotype_flatw_07.17.2020.ifp,Processing Started on: 08/23/2020 00:50:22,Processing Finished on: 08/23/2020 18:17:40
\\bki03\Clinical_Specimen_BMS_01,ML1610822_BMS040_5_24,PDL1,PDL1_Macrophage_Phenotype_flatw_07.22.2020.ifp,Processing Started on: 08/23/2020 18:17:40,Processing Finished on: 08/23/2020 20:42:54
\\bki03\Clinical_Specimen_BMS_01,ML1610865_BMS116_5_22,CD8,CD8_Phenotype_flatw_07.16.2020.ifp,Processing Started on: 08/23/2020 20:42:54,Processing Finished on: 08/23/2020 23:02:17
\\bki03\Clinical_Specimen_BMS_01,ML1610865_BMS116_5_22,PD1,PD1_Phenotype_flatw_07.17.2020.ifp,Processing Started on: 08/23/2020 23:02:17,Processing Finished on: 08/24/2020 01:23:46
\\bki03\Clinical_Specimen_BMS_01,ML1610867_BMS119_5_23,CD8,CD8_Phenotype_flatw_07.16.2020.ifp,Processing Started on: 08/24/2020 01:23:46,Processing Finished on: 08/24/2020 07:09:06
\\bki03\Clinical_Specimen_BMS_01,ML1610867_BMS119_5_23,FoxP3,FoxP3_Phenotype_flatw_07.16.2020.ifp,Processing Started on: 08/24/2020 07:09:06,Processing Finished on: 08/24/2020 12:44:20
\\bki03\Clinical_Specimen_BMS_01,ML1610891_BMS_129_5_20,Tumor,CK_Phenotype_07.13.2020.ifp,Processing Started on: 08/24/2020 12:44:20,Processing Finished on: 08/24/2020 13:13:43
\\bki03\Clinical_Specimen_BMS_01,ML1610905_BMS106_5_28,CD68,CD68_Phenotype_flatw_07.21.2020.ifp,Processing Started on: 08/24/2020 13:13:43,Processing Finished on: 08/24/2020 17:47:06
\\bki03\Clinical_Specimen_BMS_01,ML1610905_BMS106_5_28,FoxP3,FoxP3_Phenotype_flatw_07.16.2020.ifp,Processing Started on: 08/24/2020 17:47:06,Processing Finished on: 08/24/2020 22:12:29
\\bki07\Clinical_Specimen_11,M138_Restain,CD8,CD8_08.20.2020.ifp,,Processing Started on: 08/25/2020 15:02:32,Processing Finished on: 08/26/2020 15:22:01
\\bki07\Clinical_Specimen_11,M138_Restain,FoxP3,FoxP3_08.20.2020.ifp,,Processing Started on: 08/26/2020 15:22:02,Processing Finished on: 08/27/2020 17:41:33
\\bki03\Clinical_Specimen_BMS_01,ML1610913_BMS167_5_21,Tumor,CK_Phenotype_07.13.2020.ifp,,Processing Started on: 08/27/2020 17:41:33,Processing Finished on: 08/28/2020 14:39:01
\\bki07\Clinical_Specimen_11,M138_Restain,CD8,CD8_08.28.2020.ifp,Processing Started on: 08/29/2020 03:19:02,Processing Finished on: 08/29/2020 23:33:09
\\bki07\Clinical_Specimen_11,M117,CD8,CD8_08.28.2020.ifp,,Processing Started on: 08/29/2020 23:33:10,Processing Finished on: 08/30/2020 01:40:32
\\bki07\Clinical_Specimen_11,M186,CD8,CD8_08.28.2020.ifp,,Processing Started on: 08/30/2020 01:40:32,Processing Finished on: 08/30/2020 04:17:55
\\bki07\Clinical_Specimen_11,M195,CD8,CD8_08.28.2020.ifp,,Processing Started on: 08/30/2020 04:17:55,Processing Finished on: 08/30/2020 07:01:20
\\bki07\Clinical_Specimen_11,M201,CD8,CD8_08.28.2020.ifp,Processing Started on: 08/30/2020 07:01:20,Processing Finished on: 08/30/2020 15:02:21
\\bki07\Clinical_Specimen_11,M205,CD8,CD8_08.28.2020.ifp,Processing Started on: 08/30/2020 15:02:21,Processing Finished on: 08/31/2020 09:39:21
\\bki07\Clinical_Specimen_11,M223,CD8,CD8_08.28.2020.ifp,Processing Started on: 08/31/2020 09:39:21,Processing Finished on: 08/31/2020 15:50:45
\\bki07\Clinical_Specimen_11,M120,CD163,CD163_SB_04142020.ifp,,Processing Started on: 08/31/2020 15:50:45,Processing Finished on: 08/31/2020 15:50:45
\\bki07\Clinical_Specimen_11,M128_Restain,FoxP3,FoxP3_08.20.2020.ifp,,Processing Started on: 08/31/2020 16:00:45,Processing Finished on: 09/01/2020 00:32:16
\\bki07\Clinical_Specimen_11,M129_Restain,FoxP3,FoxP3_08.20.2020.ifp,,Processing Started on: 09/01/2020 00:32:16,Processing Finished on: 09/01/2020 16:07:43
\\bki07\Clinical_Specimen_11,M200,FoxP3,FoxP3_08.20.2020.ifp,,Processing Started on: 09/01/2020 16:07:43,Processing Finished on: 09/02/2020 02:09:10
\\bki07\Clinical_Specimen_11,M120,CD163,Ben_CD163.ifp,,Processing Started on: 09/03/2020 00:09:13,Processing Finished on: 09/03/2020 03:30:37
\\bki07\Clinical_Specimen_11,M180,CD163,Ben_CD163.ifp,,Processing Started on: 09/03/2020 03:30:37,Processing Finished on: 09/03/2020 05:06:00
\\bki07\Clinical_Specimen_11,M143,CD163,Ben_CD163.ifp,,Processing Started on: 09/03/2020 14:36:02,Processing Finished on: 09/03/2020 16:31:21
\\bki07\Clinical_Specimen_11,M138_Restain,Tumor,Tumor_08.27.2020.ifp,,Processing Started on: 09/03/2020 19:01:22,Processing Finished on: 09/04/2020 19:48:24
\\bki07\Clinical_Specimen_11,M198,PDL1,PDL1_08.27.2020.ifp,,Processing Started on: 09/04/2020 19:48:24,Processing Finished on: 09/05/2020 04:31:49
\\bki07\Clinical_Specimen_11,M138_Restain,CD8,CD8_09.04.2020.ifp,,Processing Started on: 09/05/2020 04:31:49,Processing Finished on: 09/06/2020 00:15:17
\\bki07\Clinical_Specimen_11,M117,CD8,CD8_09.04.2020.ifp,Processing Started on: 09/08/2020 18:04:48,Processing Finished on: 09/08/2020 19:36:15
\\bki07\Clinical_Specimen_11,M188,PD1,PD1_08.27.2020.ifp,,Processing Started on: 09/08/2020 19:36:15,Processing Finished on: 09/08/2020 21:59:43
\\bki07\Clinical_Specimen_11,M190,CD8,CD8_09.04.2020.ifp,Processing Started on: 09/08/2020 21:59:43,Processing Finished on: 09/09/2020 06:11:07
\\bki07\Clinical_Specimen_11,M196,CD8,CD8_09.04.2020.ifp,Processing Started on: 09/09/2020 06:11:07,Processing Finished on: 09/09/2020 16:46:32
\\bki07\Clinical_Specimen_11,M223,CD8,CD8_09.04.2020.ifp,Processing Started on: 09/09/2020 16:46:32,Processing Finished on: 09/09/2020 23:27:57
\\bki07\Clinical_Specimen_11,M138_Restain,PDL1,PDL1_08.27.2020.ifp,Processing Started on: 09/09/2020 23:27:57,Processing Finished on: 09/11/2020 03:49:25
\\bki07\Clinical_Specimen_11,M180,PDL1,PDL1_08.27.2020.ifp,,Processing Started on: 09/11/2020 03:49:25,Processing Finished on: 09/11/2020 05:54:47
\\bki07\Clinical_Specimen_11,M137_Restain,CD163,CD163_08.27.2020.ifp,,Processing Started on: 09/11/2020 05:54:47,Processing Finished on: 09/11/2020 22:43:15
\\bki07\Clinical_Specimen_11,M144,CD163,CD163_08.27.2020.ifp,,Processing Started on: 09/11/2020 22:43:15,Processing Finished on: 09/11/2020 23:16:37
\\bki07\Clinical_Specimen_11,M208,CD163,CD163_08.27.2020.ifp,,Processing Started on: 09/11/2020 23:16:37,Processing Finished on: 09/12/2020 00:15:58
\\bki07\Clinical_Specimen_11,M212,CD163,CD163_08.27.2020.ifp,,Processing Started on: 09/12/2020 00:15:58,Processing Finished on: 09/12/2020 08:59:23
\\bki07\Clinical_Specimen_11,M216,CD163,CD163_08.27.2020.ifp,,Processing Started on: 09/12/2020 08:59:23,Processing Finished on: 09/12/2020 14:30:46
\\bki07\Clinical_Specimen_11,M115,PD1,PD1_09.09.2020.ifp,Processing Started on: 09/15/2020 01:16:25,Processing Finished on: 09/16/2020 04:33:55
\\bki07\Clinical_Specimen_11,M140_Restain,PD1,PD1_09.09.2020.ifp,Processing Started on: 09/16/2020 04:33:55,Processing Finished on: 09/16/2020 15:39:20
\\bki07\Clinical_Specimen_11,M214,PD1,PD1_09.09.2020.ifp,Processing Started on: 09/16/2020 15:39:20,Processing Finished on: 09/18/2020 13:13:04
\\bki07\Clinical_Specimen_11,M220,PD1,PD1_09.09.2020.ifp,Processing Started on: 09/18/2020 13:13:04,Processing Finished on: 09/18/2020 23:21:59
\\bki07\Clinical_Specimen_11,M223,PD1,PD1_09.09.2020.ifp,Processing Started on: 09/23/2020 23:09:32,Processing Finished on: 09/24/2020 07:46:54
\\bki07\Clinical_Specimen_11,M115,Tumor,Tumor_08.27.2020.ifp,,Processing Started on: 09/24/2020 07:46:54,Processing Finished on: 09/25/2020 01:04:21
\\bki07\Clinical_Specimen_11,M145,Tumor,Tumor_08.27.2020.ifp,,Processing Started on: 09/25/2020 01:04:21,Processing Finished on: 09/25/2020 04:01:44
\\bki07\Clinical_Specimen_11,M196,Tumor,Tumor_08.27.2020.ifp,Processing Started on: 09/25/2020 04:01:44,Processing Finished on: 09/25/2020 14:43:09
\\bki07\Clinical_Specimen_11,M205,Tumor,Tumor_08.27.2020.ifp,Processing Started on: 09/25/2020 14:43:09,Processing Finished on: 09/26/2020 05:00:06
\\bki03\Clinical_Specimen_BMS_01,ML1610734_BMS047_5_28,CD68,CD68_Phenotype_flatw_09.17.2020.ifp,,Processing Started on: 09/28/2020 12:20:14,Processing Finished on: 09/28/2020 13:37:37
\\bki04\Clinical_Specimen_7,ZW18,PD1,PD1_Phenotype_07.02.2020.ifr,,Processing Started on: 09/28/2020 13:37:37,Processing Finished on: 09/28/2020 14:59:00
\\bki03\Clinical_Specimen_BMS_01,ML1610792_BMS026_5_24,CD8,CD8_Phenotype_flatw_09.10.2020.ifp,,Processing Started on: 09/28/2020 14:59:00,Processing Finished on: 09/29/2020 07:56:18
\\bki03\Clinical_Specimen_BMS_01,ML1610942_BMS181_5_22,CD8,CD8_Phenotype_flatw_09.10.2020.ifp,,Processing Started on: 09/29/2020 07:56:18,Processing Finished on: 09/29/2020 08:23:40
\\bki03\Clinical_Specimen_BMS_01,ML1610761_BMS_089_5_20,Tumor,CK_Phenotype_09.09.2020.ifp,,Processing Started on: 09/29/2020 08:23:40,Processing Finished on: 09/29/2020 08:47:01
\\bki03\Clinical_Specimen_BMS_01,ML1610780_BMS019_5_22,Tumor,CK_Phenotype_09.09.2020.ifp,,Processing Started on: 09/29/2020 08:47:01,Processing Finished on: 09/29/2020 09:20:24
\\bki03\Clinical_Specimen_BMS_01,ML1610790_BMS001_5_21,Tumor,CK_Phenotype_09.09.2020.ifp,,Processing Started on: 09/29/2020 09:20:24,Processing Finished on: 09/29/2020 12:09:46
\\bki03\Clinical_Specimen_BMS_01,ML1610792_BMS026_5_24,Tumor,CK_Phenotype_09.09.2020.ifp,,Processing Started on: 09/29/2020 12:09:46,Processing Finished on: 09/30/2020 01:09:12
\\bki03\Clinical_Specimen_BMS_01,ML1716674_BMS210_5_24,Tumor,CK_Phenotype_09.09.2020.ifp,Processing Started on: 09/30/2020 01:09:12,Processing Finished on: 09/30/2020 03:22:34
\\bki07\Clinical_Specimen_11,M115,PDL1,PDL1_10.03.2020.ifp,Processing Started on: 10/03/2020 10:22:44,Processing Finished on: 10/04/2020 00:40:09
\\bki07\Clinical_Specimen_11,M223,PDL1,PDL1_10.03.2020.ifp,Processing Started on: 10/04/2020 00:40:09,Processing Finished on: 10/04/2020 05:11:30
\\bki03\Clinical_Specimen_8,YZ50,CD20,CITN09_CD20_09.25.2020.ifr,Processing Started on: 10/05/2020 16:31:35,Processing Finished on: 10/06/2020 00:46:57
\\bki03\Clinical_Specimen_8,YZ55,FoxP3,CITN09_Foxp3_09.29.20.ifr,Processing Started on: 10/06/2020 00:46:57,Processing Finished on: 10/06/2020 01:46:19
\\bki03\Clinical_Specimen_8,YZ65,CD20,CITN09_CD20_09.25.2020.ifr,Processing Started on: 10/06/2020 01:46:19,Processing Finished on: 10/06/2020 05:51:41
\\bki03\Clinical_Specimen_8,YZ65,CD4,CITN09_CD4_09.17.20.ifr,Processing Started on: 10/06/2020 05:51:41,Processing Finished on: 10/06/2020 05:51:41
\\bki03\Clinical_Specimen_8,YZ67,CD4,CITN09_CD4_09.17.20.ifr,Processing Started on: 10/06/2020 06:01:41,Processing Finished on: 10/06/2020 06:01:41
\\bki03\Clinical_Specimen_8,YZ67,FoxP3,CITN09_Foxp3_09.29.20.ifr,Processing Started on: 10/06/2020 06:11:41,Processing Finished on: 10/07/2020 16:15:10
\\bki03\Clinical_Specimen_8,YZ68,CD20,CITN09_CD20_09.25.2020.ifr,Processing Started on: 10/07/2020 16:15:10,Processing Finished on: 10/09/2020 10:42:43
\\bki07\Clinical_Specimen_11,M117,PDL1,PDL1_10.03.2020.ifp,,Processing Started on: 10/09/2020 10:42:43,Processing Finished on: 10/09/2020 12:30:04
\\bki03\Clinical_Specimen_8,YZ66,FoxP3,CITN09_Foxp3_09.29.20.ifp,Processing Started on: 10/09/2020 12:30:04,Processing Finished on: 10/10/2020 20:01:10
\\bki03\Clinical_Specimen_8,YZ68,CD4,CITN09_CD4_09.17.20.ifp,Processing Started on: 10/10/2020 20:01:10,Processing Finished on: 10/12/2020 13:52:48
\\bki03\Clinical_Specimen_BMS_01,ML1603490_BMS_065_5_20,FoxP3,FoxP3_Phenotype_flatw_09.10.2020.ifp,Processing Started on: 10/12/2020 13:52:48,Processing Finished on: 10/12/2020 13:58:15
\\bki03\Clinical_Specimen_BMS_01,ML1610732_BMS044_5_24,Tumor,CK_Phenotype_09.09.2020.ifp,Processing Started on: 10/12/2020 13:58:15,Processing Finished on: 10/12/2020 20:21:39
\\bki03\Clinical_Specimen_BMS_01,ML1610737_BMS_050_5_20,CD68,CD68_Phenotype_flatw_09.17.2020.ifp,Processing Started on: 10/12/2020 20:21:39,Processing Finished on: 10/12/2020 20:31:01
\\bki03\Clinical_Specimen_BMS_01,ML1610744_BMS082_5_23,FoxP3,FoxP3_Phenotype_flatw_09.10.2020.ifp,Processing Started on: 10/12/2020 20:31:01,Processing Finished on: 10/12/2020 20:52:23
\\bki03\Clinical_Specimen_BMS_01,ML1610748_BMS090_5_21,CD68,CD68_Phenotype_flatw_09.17.2020.ifp,Processing Started on: 10/12/2020 20:52:23,Processing Finished on: 10/12/2020 21:21:45
\\bki03\Clinical_Specimen_BMS_01,ML1610748_BMS090_5_21,CD8,CD8_Phenotype_flatw_09.10.2020.ifp,Processing Started on: 10/12/2020 21:21:45,Processing Finished on: 10/12/2020 21:51:07
\\bki03\Clinical_Specimen_BMS_01,ML1610748_BMS090_5_21,FoxP3,FoxP3_Phenotype_flatw_09.10.2020.ifp,Processing Started on: 10/12/2020 21:51:07,Processing Finished on: 10/12/2020 22:20:30
\\bki03\Clinical_Specimen_BMS_01,ML1610748_BMS090_5_21,PD1,PD1_Phenotype_flatw_09.16.2020.ifp,Processing Started on: 10/12/2020 22:20:30,Processing Finished on: 10/12/2020 22:51:52
\\bki03\Clinical_Specimen_BMS_01,ML1610748_BMS090_5_21,Tumor,CK_Phenotype_09.09.2020.ifp,Processing Started on: 10/12/2020 22:51:52,Processing Finished on: 10/12/2020 23:19:15
\\bki03\Clinical_Specimen_BMS_01,ML1610750_BMS088_5_28,CD68,CD68_Phenotype_flatw_09.17.2020.ifp,Processing Started on: 10/12/2020 23:19:15,Processing Finished on: 10/12/2020 23:28:37
\\bki03\Clinical_Specimen_BMS_01,ML1610753_BMS083_5_24,CD68,CD68_Phenotype_flatw_09.17.2020.ifp,Processing Started on: 10/12/2020 23:28:37,Processing Finished on: 10/13/2020 00:34:00
\\bki03\Clinical_Specimen_BMS_01,ML1610753_BMS083_5_24,CD8,CD8_Phenotype_flatw_09.10.2020.ifp,Processing Started on: 10/13/2020 00:34:00,Processing Finished on: 10/13/2020 01:39:28
\\bki03\Clinical_Specimen_BMS_01,ML1610753_BMS083_5_24,FoxP3,FoxP3_Phenotype_flatw_09.10.2020.ifp,Processing Started on: 10/13/2020 01:39:28,Processing Finished on: 10/13/2020 02:44:50
\\bki03\Clinical_Specimen_BMS_01,ML1610753_BMS083_5_24,Tumor,CK_Phenotype_09.09.2020.ifp,Processing Started on: 10/13/2020 02:44:50,Processing Finished on: 10/13/2020 03:46:13
\\bki03\Clinical_Specimen_BMS_01,ML1610758_BMS085_5_25,CD8,CD8_Phenotype_flatw_09.10.2020.ifp,Processing Started on: 10/13/2020 03:46:13,Processing Finished on: 10/13/2020 04:03:43
\\bki03\Clinical_Specimen_BMS_01,ML1610758_BMS085_5_25,FoxP3,FoxP3_Phenotype_flatw_09.10.2020.ifp,Processing Started on: 10/13/2020 04:03:43,Processing Finished on: 10/13/2020 04:21:06
\\bki03\Clinical_Specimen_BMS_01,ML1610758_BMS085_5_25,PD1,PD1_Phenotype_flatw_09.16.2020.ifp,Processing Started on: 10/13/2020 04:21:06,Processing Finished on: 10/13/2020 04:38:29
\\bki03\Clinical_Specimen_BMS_01,ML1610758_BMS085_5_25,Tumor,CK_Phenotype_09.09.2020.ifp,Processing Started on: 10/13/2020 04:38:29,Processing Finished on: 10/13/2020 04:55:52
\\bki03\Clinical_Specimen_BMS_01,ML1610759_BMS087_5_23,CD68,CD68_Phenotype_flatw_09.17.2020.ifp,Processing Started on: 10/13/2020 04:55:52,Processing Finished on: 10/13/2020 21:55:20
\\bki03\Clinical_Specimen_BMS_01,ML1610759_BMS087_5_23,CD8,CD8_Phenotype_flatw_09.10.2020.ifp,Processing Started on: 10/13/2020 21:55:20,Processing Finished on: 10/14/2020 14:36:49
\\bki03\Clinical_Specimen_BMS_01,ML1610822_BMS040_5_24,Tumor,CK_Phenotype_09.09.2020.ifp,Processing Started on: 10/14/2020 14:36:49,Processing Finished on: 10/14/2020 16:58:12
\\bki03\Clinical_Specimen_8,YZ59,FoxP3,CITN09_Foxp3_09.29.20.ifp,Processing Started on: 10/14/2020 16:58:12,Processing Finished on: 10/14/2020 18:47:33
\\bki03\Clinical_Specimen_8,YZ64,FoxP3,CITN09_Foxp3_09.29.20.ifp,Processing Started on: 10/14/2020 18:47:33,Processing Finished on: 10/14/2020 20:30:56
\\bki03\Clinical_Specimen_8,YZ65,FoxP3,CITN09_Foxp3_09.29.20.ifp,Processing Started on: 10/14/2020 20:30:56,Processing Finished on: 10/15/2020 00:46:19
\\bki03\Clinical_Specimen_8,YZ66,FoxP3,CITN09_Foxp3_09.29.20.ifp,Processing Started on: 10/15/2020 00:46:19,Processing Finished on: 10/16/2020 10:09:23
\\bki03\Clinical_Specimen_8,YZ68,FoxP3,CITN09_Foxp3_09.29.20.ifp,Processing Started on: 10/16/2020 10:09:23,Processing Finished on: 10/18/2020 07:39:01
\\bki03\Clinical_Specimen_BMS_01,ML1610948_BMS190_5_21,PD1,PD1_Phenotype_flatw_09.16.2020.ifp,Processing Started on: 10/18/2020 07:39:01,Processing Finished on: 10/18/2020 09:48:21
\\bki07\Clinical_Specimen_11,M215,CD163,CD163_08.27.2020.ifp,Processing Started on: 10/19/2020 12:18:24,Processing Finished on: 10/20/2020 11:11:58
\\bki03\Clinical_Specimen_8,YZ50,FoxP3,CITN09_Foxp3_09.29.20.ifp,,Processing Started on: 10/26/2020 15:13:22,Processing Finished on: 10/26/2020 21:08:45
\\bki03\Clinical_Specimen_BMS_01,A006BK344_BMS_223_5_20,FoxP3,FoxP3_Phenotype_flatw_07.16.2020.ifp,,Processing Started on: 11/05/2020 16:25:25,Processing Finished on: 11/05/2020 17:20:47
\\bki03\Clinical_Specimen_BMS_01,ML1610729_BMS035_5_22,FoxP3,FoxP3_Phenotype_flatw_07.16.2020.ifp,,Processing Started on: 11/05/2020 17:20:47,Processing Finished on: 11/05/2020 18:28:09
\\bki03\Clinical_Specimen_BMS_01,ML1610917_BMS164_5_28,FoxP3,FoxP3_Phenotype_flatw_07.16.2020.ifp,,Processing Started on: 11/05/2020 18:28:09,Processing Finished on: 11/05/2020 20:03:32
\\bki03\Clinical_Specimen_BMS_01,ML1716677_BMS149_5_21,FoxP3,FoxP3_Phenotype_flatw_07.16.2020.ifp,,Processing Started on: 11/05/2020 20:03:32,Processing Finished on: 11/05/2020 20:40:54
\\bki03\Clinical_Specimen_BMS_01,A939AW500_BMS219_5_28,PD1,PD1_Phenotype_flatw_07.17.2020.ifp,,Processing Started on: 11/05/2020 20:40:54,Processing Finished on: 11/06/2020 22:08:25
\\bki03\Clinical_Specimen_BMS_01,ML1603474_BMS069_5_21,PD1,PD1_Phenotype_flatw_07.17.2020.ifp,,Processing Started on: 11/06/2020 22:08:25,Processing Finished on: 11/08/2020 08:17:48
\\bki03\Clinical_Specimen_BMS_01,ML1603617_BMS137_5_24,CD68,CD68_Phenotype_flatw_07.21.2020.ifp,,Processing Started on: 11/08/2020 08:17:48,Processing Finished on: 11/08/2020 08:41:10
\\bki03\Clinical_Specimen_4,PZ1,CD20,CD20_11.10.2020.ifp,Processing Started on: 11/12/2020 14:31:26,Processing Finished on: 11/13/2020 05:34:51
\\bki03\Clinical_Specimen_4,PZ11,CD8,CD8_11.09.2020.ifp,Processing Started on: 11/13/2020 05:34:51,Processing Finished on: 11/13/2020 08:20:18
\\bki03\Clinical_Specimen_BMS_01,ML1610728_BMS032_5_21,CD8,CD8_Phenotype_flatw_07.16.2020.ifp,Processing Started on: 11/13/2020 08:20:18,Processing Finished on: 11/13/2020 08:35:19
\\bki03\Clinical_Specimen_BMS_01,ML1610732_BMS044_5_24,CD8,CD8_Phenotype_flatw_07.16.2020.ifp,Processing Started on: 11/13/2020 08:35:19,Processing Finished on: 11/13/2020 14:18:43
\\bki03\Clinical_Specimen_BMS_01,ML1610732_BMS044_5_24,CD8,CD8_Phenotype_flatw_07.16.2020.ifp,Processing Started on: 11/13/2020 14:18:44,Processing Finished on: 11/13/2020 20:12:13
\\bki03\Clinical_Specimen_BMS_01,ML1610743_BMS_031_5_20,CD8,CD8_Phenotype_flatw_07.16.2020.ifp,Processing Started on: 11/13/2020 20:12:13,Processing Finished on: 11/13/2020 20:23:35
\\bki03\Clinical_Specimen_BMS_01,ML1610901_BMS_109_5_20,CD8,CD8_Phenotype_flatw_07.16.2020.ifp,Processing Started on: 11/13/2020 20:23:35,Processing Finished on: 11/14/2020 15:18:54
\\bki03\Clinical_Specimen_BMS_01,ML1610917_BMS164_5_28,CD8,CD8_Phenotype_flatw_07.16.2020.ifp,Processing Started on: 11/14/2020 15:18:54,Processing Finished on: 11/14/2020 16:58:21
\\bki03\Clinical_Specimen_4,PZ21,CD20,CD20_11.10.2020.ifp,Processing Started on: 11/14/2020 16:58:21,Processing Finished on: 11/15/2020 15:49:50
\\bki03\Clinical_Specimen_4,PZ21,FoxP3,FoxP3_11.10.2020.ifp,Processing Started on: 11/15/2020 15:49:50,Processing Finished on: 11/16/2020 11:05:22
\\bki03\Clinical_Specimen_4,PZ27,CD8,CD8_11.09.2020.ifp,Processing Started on: 11/16/2020 11:05:23,Processing Finished on: 11/16/2020 19:32:47
\\bki03\Clinical_Specimen_4,PZ3,FoxP3,FoxP3_11.10.2020.ifp,Processing Started on: 11/16/2020 19:32:47,Processing Finished on: 11/17/2020 11:24:14
\\bki03\Clinical_Specimen_4,PZ6,CD4,CD4_11.05.2020.ifp,Processing Started on: 11/17/2020 11:24:14,Processing Finished on: 11/18/2020 05:21:43
\\bki03\Clinical_Specimen_4,PZ8,CD8,CD8_11.09.2020.ifp,Processing Started on: 11/18/2020 05:21:43,Processing Finished on: 11/18/2020 18:35:09
\\bki07\Clinical_Specimen_12,AP0140001,Eomes,11.16.2020_Phenotyping_Eomes_EC_v5_under.ifp,Processing Started on: 12/01/2020 11:58:40,Processing Finished on: 12/05/2020 00:52:17
\\bki07\Clinical_Specimen_12,AP0140009,Eomes,11.16.2020_Phenotyping_Eomes_EC_v5_over.ifp,Processing Started on: 12/05/2020 00:52:17,Processing Finished on: 12/05/2020 01:45:37
\\bki03\Clinical_Specimen_BMS_01,A006BK344_BMS_223_5_20,CD68,CD68_Phenotype_flatw_12.03.2020.ifp,Processing Started on: 12/05/2020 06:15:38,Processing Finished on: 12/05/2020 07:05:00
\\bki03\Clinical_Specimen_BMS_01,ML1610824_BMS034_5_21,PDL1_2,PDL1_Tumor_Phenotype_04.30.2020.ifr,Processing Started on: 12/05/2020 07:05:00,Processing Finished on: 12/05/2020 07:05:00
\\bki03\Clinical_Specimen_BMS_01,ML1610737_BMS_050_5_20,PDL1_2,PDL1_Tumor_Phenotype_04.30.2020.ifr,,Processing Started on: 12/07/2020 19:05:08,Processing Finished on: 12/07/2020 19:14:29
\\bki07\Clinical_Specimen_12,AP0140001,Tbet,11.29.2020_Phenotyping_Tbet_EC_v4.ifr,Processing Started on: 12/08/2020 08:44:31,Processing Finished on: 12/09/2020 02:07:57
\\bki07\Clinical_Specimen_12,AP0140021,Tbet,11.29.2020_Phenotyping_Tbet_EC_v4.ifr,Processing Started on: 12/09/2020 19:29:19,Processing Finished on: 12/10/2020 10:24:44
\\bki04\Clinical_Specimen_5,YY1,CD3,CD3_Phenotype_12.02.20.ifp,,Processing Started on: 12/11/2020 19:44:48,Processing Finished on: 12/11/2020 20:32:11
\\bki04\Clinical_Specimen_5,YY7,CD79a,CD79a_Phenotype_12.02.20.ifp,,Processing Started on: 12/11/2020 20:32:11,Processing Finished on: 12/11/2020 21:11:34
\\bki04\Clinical_Specimen_5,YY15,CD79a,CD79a_Phenotype_12.02.20.ifp,,Processing Started on: 12/11/2020 21:11:34,Processing Finished on: 12/13/2020 08:25:14
\\bki04\Clinical_Specimen_5,YY19,CD79a,CD79a_Phenotype_12.02.20.ifp,,Processing Started on: 12/13/2020 08:25:14,Processing Finished on: 12/14/2020 04:06:41
\\bki07\Clinical_Specimen_12,AP0140001,CD8,10.21.2020_Phenotyping_CD8_NE_SU_v4.ifp,,Processing Started on: 12/17/2020 23:44:59,Processing Finished on: 12/18/2020 06:43:02
\\bki07\Clinical_Specimen_12,AP0140018,CD8,10.21.2020_Phenotyping_CD8_NE_SU_v4.ifp,,Processing Started on: 12/18/2020 06:43:02,Processing Finished on: 12/18/2020 19:40:12
\\bki07\Clinical_Specimen_12,AP0140003,Eomes,11.16.2020_Phenotyping_Eomes_EC_v5_under.ifp,Processing Started on: 12/27/2020 00:00:38,Processing Finished on: 12/27/2020 18:12:04
\\bki04\Clinical_Specimen_6,YX10,CD20,CD20_Phenotype_Flatw_12.11.2020.ifp,,Processing Started on: 01/04/2021 20:55:59,Processing Finished on: 01/06/2021 07:21:33
\\bki04\Clinical_Specimen_6,YX14,PD1,PD1_Phenotype_Flatw_12.11.2020.ifp,,Processing Started on: 01/06/2021 07:21:33,Processing Finished on: 01/07/2021 06:27:08
\\bki04\Clinical_Specimen_6,YX27,CD20,CD20_Phenotype_Flatw_12.11.2020.ifp,Processing Started on: 01/07/2021 06:27:08,Processing Finished on: 01/07/2021 09:32:31
\\bki04\Clinical_Specimen_6,YX34,CD8,CD8_Phenotype_Flatw_12.11.2020.ifp,Processing Started on: 01/07/2021 09:32:31,Processing Finished on: 01/07/2021 09:47:55
\\bki04\Clinical_Specimen_6,YX35,PD1,PD1_Phenotype_Flatw_12.11.2020.ifp,Processing Started on: 01/07/2021 09:47:55,Processing Finished on: 01/07/2021 10:49:17
\\bki07\Clinical_Specimen_12,AP0140001,PD1,10.28.2020_Phenotyping_PD1_NE_SU_algorithm_v6,,Processing Started on: 01/08/2021 06:39:20,Processing Finished on: 01/08/2021 06:39:20
\\bki07\Clinical_Specimen_12,AP0140020,PD1,10.28.2020_Phenotyping_PD1_NE_SU_algorithm_v6,,Processing Started on: 01/08/2021 06:49:20,Processing Finished on: 01/08/2021 06:49:20
\\bki03\Clinical_Specimen_8,YZ62,CD8,CITN09_CD8_12.31.2019.ifr,Processing Started on: 01/11/2021 01:28:15,Processing Finished on: 01/11/2021 08:13:38
\\bki07\Clinical_Specimen_11,M115,CD163,CD163_01.09.2021.ifp,,Processing Started on: 01/11/2021 08:13:38,Processing Finished on: 01/11/2021 08:19:20
\\bki07\Clinical_Specimen_11,M115,CD163,CD163_01.09.2021.ifp,,Processing Started on: 01/11/2021 11:39:03,Processing Finished on: 01/12/2021 02:48:27
\\bki07\Clinical_Specimen_11,M140_Restain,CD163,CD163_01.09.2021.ifp,,Processing Started on: 01/12/2021 02:48:27,Processing Finished on: 01/12/2021 08:55:51
\\bki07\Clinical_Specimen_11,M219,CD163,CD163_01.09.2021.ifp,,Processing Started on: 01/12/2021 08:55:51,Processing Finished on: 01/12/2021 16:53:14
\\bki03\Clinical_Specimen_4,PZ1,CD20,CD20_11.10.2020.ifp,,Processing Started on: 01/15/2021 23:43:27,Processing Finished on: 01/16/2021 13:44:50
\\bki03\Clinical_Specimen_4,PZ3,CD8,CD8_11.09.2020.ifp,Processing Started on: 01/16/2021 13:44:51,Processing Finished on: 01/17/2021 03:48:17
\\bki03\Clinical_Specimen_4,PZ8,CD20,CD20_11.10.2020.ifp,Processing Started on: 01/17/2021 03:48:17,Processing Finished on: 01/17/2021 17:53:43
\\bki03\Clinical_Specimen_4,PZ10,CD4,CD4_11.05.2020.ifp,Processing Started on: 01/17/2021 17:53:43,Processing Finished on: 01/18/2021 06:21:08
\\bki03\Clinical_Specimen_4,PZ13,CD20,CD20_11.10.2020.ifp,Processing Started on: 01/18/2021 06:21:08,Processing Finished on: 01/18/2021 19:24:35
\\bki03\Clinical_Specimen_4,PZ16,FoxP3,FoxP3_11.10.2020.ifp,Processing Started on: 01/18/2021 19:24:35,Processing Finished on: 01/19/2021 13:34:04
\\bki03\Clinical_Specimen_4,PZ19,CD20,CD20_11.10.2020.ifp,Processing Started on: 01/19/2021 13:34:04,Processing Finished on: 01/20/2021 01:39:34
\\bki03\Clinical_Specimen_4,PZ24,CD20,CD20_11.10.2020.ifp,Processing Started on: 01/20/2021 01:39:34,Processing Finished on: 01/21/2021 02:17:05
\\bki03\Clinical_Specimen_4,PZ26,Tumor,AE1AE3_10.10.2019.ifp,Processing Started on: 01/21/2021 02:17:05,Processing Finished on: 01/21/2021 10:50:30
\\bki07\Clinical_Specimen_12,AP0140003,PD1,10.28.2020_Phenotyping_PD1_NE_SU_algorithm_v6.ifp,Processing Started on: 01/21/2021 10:50:30,Processing Finished on: 01/21/2021 10:50:30
\\bki04\Clinical_Specimen_5,YY1,ERG,ERG_Phenotype_01.19.21.ifp,Processing Started on: 01/26/2021 22:20:50,Processing Finished on: 01/26/2021 22:20:50
\\bki04\Clinical_Specimen_5,YY17,ERG,ERG_Phenotype_01.19.21.ifp,Processing Started on: 01/26/2021 22:30:50,Processing Finished on: 01/26/2021 22:30:50
\\bki04\Clinical_Specimen_5,YY21,ERG,ERG_Phenotype_01.19.21.ifp,Processing Started on: 01/26/2021 22:50:50,Processing Finished on: 01/26/2021 22:50:50
\\bki04\Clinical_Specimen_5,YY26,ERG,ERG_Phenotype_01.19.21.ifp,Processing Started on: 01/26/2021 23:00:50,Processing Finished on: 01/26/2021 23:00:51
\\bki04\Clinical_Specimen_5,YY30,ERG,ERG_Phenotype_01.19.21.ifp,Processing Started on: 01/26/2021 23:10:51,Processing Finished on: 01/26/2021 23:10:51
\\bki04\Clinical_Specimen_5,YY35,ERG,ERG_Phenotype_01.19.21.ifp,Processing Started on: 01/26/2021 23:20:51,Processing Finished on: 01/26/2021 23:20:51
\\bki04\Clinical_Specimen_5,YY8,ERG,ERG_Phenotype_01.19.21.ifp,Processing Started on: 01/26/2021 23:30:51,Processing Finished on: 01/26/2021 23:30:52
\\bki07\Clinical_Specimen_12,AP0140002,PD1,10.28.2020_Phenotyping_PD1_NE_SU_algorithm_v6.ifp,,Processing Started on: 01/27/2021 20:47:47,Processing Finished on: 01/28/2021 19:51:14
\\bki07\Clinical_Specimen_12,AP0140019,PD1,10.28.2020_Phenotyping_PD1_NE_SU_algorithm_v6.ifp,,Processing Started on: 01/28/2021 19:51:14,Processing Finished on: 01/29/2021 05:04:39
\\bki07\Clinical_Specimen_12,AP0140008,CD8,10.21.2020_Phenotyping_CD8_NE_SU_v4.ifp,Processing Started on: 01/29/2021 05:04:40,Processing Finished on: 01/29/2021 09:48:05
\\bki07\Clinical_Specimen_12,AP0140019,CD8,10.21.2020_Phenotyping_CD8_NE_SU_v4.ifp,Processing Started on: 01/29/2021 09:48:05,Processing Finished on: 01/29/2021 19:05:31
\\bki07\Clinical_Specimen_12,AP0140025,CD8,10.21.2020_Phenotyping_CD8_NE_SU_v4.ifp,Processing Started on: 01/29/2021 19:05:32,Processing Finished on: 01/30/2021 22:21:03
\\bki03\Clinical_Specimen_4,PZ27,CD20,CD20_11.10.2020.ifp,Processing Started on: 01/30/2021 22:21:03,Processing Finished on: 01/31/2021 06:50:30
\\bki04\Clinical_Specimen_13,L10_3,CD8,CD8_02.03.2021.ifp,Processing Started on: 02/05/2021 09:50:48,Processing Finished on: 02/05/2021 11:20:09
\\bki04\Clinical_Specimen_13,L57_1,FoxP3,FoxP3_01.29.2019.ifr,Processing Started on: 02/05/2021 11:20:09,Processing Finished on: 02/05/2021 11:31:31
\\bki04\Clinical_Specimen_13,L10_3,CD163,CD163_TRC_12.2.2019.ifp,Processing Started on: 02/05/2021 20:21:32,Processing Finished on: 02/05/2021 21:44:57
\\bki04\Clinical_Specimen_13,L18_4,PD1,PD1_02.03.2021.ifp,Processing Started on: 02/05/2021 21:44:57,Processing Finished on: 02/05/2021 22:14:18
\\bki07\Clinical_Specimen_12,AP0140010,PD1,10.28.2020_Phenotyping_PD1_NE_SU_algorithm_v6.ifp,,Processing Started on: 02/05/2021 22:14:18,Processing Finished on: 02/06/2021 12:21:44
\\bki04\Clinical_Specimen_5,YY1,Tumor,NSE_Phenotype_02.05.2021.ifp,Processing Started on: 02/06/2021 12:21:44,Processing Finished on: 02/06/2021 12:49:06
\\bki04\Clinical_Specimen_6,YX19,CD8,CD8_Phenotype_flatw_2.4.2021.ifp,Processing Started on: 02/06/2021 12:49:06,Processing Finished on: 02/06/2021 12:49:06
\\bki04\Clinical_Specimen_6,YX22,CD20,CD20_Phenotype_Flatw_02.05.2021.ifp,Processing Started on: 02/06/2021 12:59:06,Processing Finished on: 02/07/2021 01:06:32
\\bki04\Clinical_Specimen_6,YX23,CD4,CD4_Phenotype_flatw_02.05.2021.ifp,Processing Started on: 02/07/2021 01:06:32,Processing Finished on: 02/07/2021 02:51:52
\\bki04\Clinical_Specimen_13,L11_6,PD1,PD1_02.03.2021.ifp,,Processing Started on: 02/08/2021 12:28:07,Processing Finished on: 02/09/2021 08:59:38
\\bki04\Clinical_Specimen_13,L57_1,PDL1,PDL1_5_Sm_TRC.ifp,,Processing Started on: 02/09/2021 08:59:38,Processing Finished on: 02/09/2021 09:13:00
\\bki07\Clinical_Specimen_12,AP0140006,PD1,10.28.2020_Phenotyping_PD1_NE_SU_algorithm_v6.ifp,Processing Started on: 02/09/2021 09:13:00,Processing Finished on: 02/09/2021 21:52:28
\\bki07\Clinical_Specimen_12,AP0140009,PD1,10.28.2020_Phenotyping_PD1_NE_SU_algorithm_v6.ifp,Processing Started on: 02/09/2021 21:52:29,Processing Finished on: 02/09/2021 23:05:51
\\bki04\Clinical_Specimen_6,YX21,CD4,CD4_Phenotype_flatw_02.05.2021.ifp,Processing Started on: 02/09/2021 23:05:51,Processing Finished on: 02/10/2021 12:49:22
\\bki04\Clinical_Specimen_6,YX23,CD8,CD8_Phenotype_flatw_2.4.2021.ifp,Processing Started on: 02/10/2021 12:49:22,Processing Finished on: 02/10/2021 12:49:22
\\bki04\Clinical_Specimen_6,YX3,CD20,CD20_Phenotype_Flatw_02.05.2021.ifp,Processing Started on: 02/10/2021 13:09:22,Processing Finished on: 02/10/2021 14:22:46
\\bki04\Clinical_Specimen_6,YX3,CD8,CD8_Phenotype_flatw_2.4.2021.ifp,Processing Started on: 02/10/2021 14:22:46,Processing Finished on: 02/10/2021 14:22:46
\\bki04\Clinical_Specimen_6,YX30,CD4,CD4_Phenotype_flatw_02.05.2021.ifp,Processing Started on: 02/10/2021 14:32:46,Processing Finished on: 02/11/2021 07:46:15
\\bki04\Clinical_Specimen_6,YX31,CD20,CD20_Phenotype_Flatw_02.05.2021.ifp,Processing Started on: 02/11/2021 07:46:15,Processing Finished on: 02/11/2021 09:01:08
\\bki04\Clinical_Specimen_6,YX1,CD8,CD8_Phenotype_flatw_02.04.2021.ifp,Processing Started on: 02/12/2021 09:31:12,Processing Finished on: 02/12/2021 10:18:31
\\bki04\Clinical_Specimen_6,YX25,CD8,CD8_Phenotype_flatw_02.04.2021.ifp,Processing Started on: 02/12/2021 10:18:31,Processing Finished on: 02/13/2021 01:59:57
\\bki04\Clinical_Specimen_6,YX9,CD8,CD8_Phenotype_flatw_02.04.2021.ifp,Processing Started on: 02/13/2021 01:59:57,Processing Finished on: 02/13/2021 03:03:20
\\bki07\Clinical_Specimen_12,AP0140002,Tbet,02.17.2021_Phenotyping_Tbet_EC_v8_over.ifp,Processing Started on: 03/01/2021 11:46:19,Processing Finished on: 03/02/2021 03:31:46
\\bki07\Clinical_Specimen_12,AP0140021,Tbet,02.17.2021_Phenotyping_Tbet_EC_v7_under.ifp,Processing Started on: 03/02/2021 03:31:46,Processing Finished on: 03/02/2021 18:09:10
\\bki04\Clinical_Specimen_13,L4_3,PD1,PD1_02.03.2021.ifp,Processing Started on: 03/04/2021 11:39:16,Processing Finished on: 03/04/2021 17:42:08
\\bki04\Clinical_Specimen_13,L11_6,CD163,CD163_Rephenotyping_EC_03.08.2021.ifr,Processing Started on: 03/08/2021 13:42:22,Processing Finished on: 03/09/2021 01:53:47
\\bki07\Clinical_Specimen_12,AP0140020,CD8,10.21.2020_Phenotyping_CD8_NE_SU_v5.ifp,Processing Started on: 03/14/2021 14:24:06,Processing Finished on: 03/15/2021 06:51:32
\\bki07\Clinical_Specimen_12,AP0140001,PD1,10.28.2020_Phenotyping_PD1_NE_SU_algorithm_v7.ifp,Processing Started on: 03/15/2021 06:51:32,Processing Finished on: 03/15/2021 20:16:58
\\bki07\Clinical_Specimen_12,AP0140003,Eomes,03.16.2021_Phenotyping_Eomes_EC_v8_3.ifp,Processing Started on: 03/22/2021 12:37:21,Processing Finished on: 03/23/2021 13:10:51
\\bki04\Clinical_Specimen_5,YY1,CD163,CD163_Phenotype_3.8.2021_GA.ifr,Processing Started on: 03/23/2021 13:10:51,Processing Finished on: 03/23/2021 13:38:13
\\bki07\Clinical_Specimen_12,AP0140003,CD8,03.23.2021_Phenotyping_CD8_under_NE_v4_case3.ifp,Processing Started on: 03/23/2021 16:18:14,Processing Finished on: 03/23/2021 16:18:14
\\bki04\Clinical_Specimen_13,L9_3,FoxP3,FoxP3_L9-3_03.23.2021.ifp,Processing Started on: 03/23/2021 22:18:15,Processing Finished on: 03/24/2021 01:09:35
\\bki04\Clinical_Specimen_13,L18_4,PDL1_2,PDL1_tumour_L18_4_3.31.21.ifr,Processing Started on: 04/01/2021 11:40:05,Processing Finished on: 04/01/2021 11:59:26
\\bki07\Clinical_Specimen_12,AP0130005,Gzmb,03.14.2021_Phenotyping_GranB_NE_v7.ifp,Processing Started on: 04/04/2021 17:49:37,Processing Finished on: 04/04/2021 17:49:37
\\bki07\Clinical_Specimen_12,AP0140003,CD8,03.11.2021_Phenotyping_CD8_under_NE_v3_case9.ifp,Processing Started on: 04/04/2021 20:29:38,Processing Finished on: 04/04/2021 20:29:38
